Customer ID,Name,mail,Phone,Address,Country
1,Stuart Ragless,sragless0@exblog.jp,305-670-9336,1932 Blue Bill Park Hill,Angola
2,Bess Wallbrook,bwallbrook1@topsy.com,990-144-6649,75 Brown Pass,Poland
3,Hogan Schachter,hschachter2@latimes.com,516-837-8230,8 Algoma Alley,Brazil
4,Reid Loweth,rloweth3@bandcamp.com,227-884-7114,978 Oriole Street,Bolivia
5,Jeni Oldcote,joldcote4@smh.com.au,303-730-0882,8808 8th Way,Brazil
6,Rivy Fant,rfant5@miitbeian.gov.cn,645-532-4474,01 Maple Wood Court,Brazil
7,Jedediah Schoenleiter,jschoenleiter6@addtoany.com,967-263-3474,011 Nevada Alley,Germany
8,Dante Carreyette,dcarreyette7@ihg.com,436-767-3666,77808 Dixon Plaza,Argentina
9,Elianore Hillen,ehillen8@vinaora.com,257-667-6082,0 Canary Alley,Portugal
10,Adan Charpin,acharpin9@chicagotribune.com,143-219-3112,75 Charing Cross Road,Argentina
11,Antonin Sharphouse,asharphousea@flavors.me,432-596-3415,748 Kim Center,France
12,Shirley Kiloh,skilohb@dmoz.org,333-641-3115,164 Farragut Center,Japan
13,Hamnet Childerley,hchilderleyc@instagram.com,499-720-4307,74 Monica Alley,Portugal
14,Susi Cortnay,scortnayd@list-manage.com,657-991-9160,32266 Arkansas Trail,Argentina
15,Vern Chart,vcharte@ning.com,509-833-5292,48497 Melvin Avenue,Poland
16,Coletta Pepis,cpepisf@woothemes.com,903-803-3867,716 Florence Lane,Argentina
17,Del Klempke,dklempkeg@bizjournals.com,659-889-5982,45558 Express Point,Brazil
18,Madelle Tewkesbury.,mtewkesburyh@princeton.edu,512-378-4422,027 Pepper Wood Circle,Brazil
19,Kacey Melsom,kmelsomi@uol.com.br,860-469-5911,80263 Grayhawk Road,Portugal
20,Madelaine Bursnoll,mbursnollj@answers.com,504-114-4773,373 Algoma Crossing,France
21,Alaric Carrett,acarrettk@chron.com,135-610-6660,3953 Buhler Avenue,Japan
22,Barbee Brasseur,bbrasseurl@themeforest.net,731-750-8943,918 Gerald Street,Uruguay
23,Maggee Revelle,mrevellem@businesswire.com,212-399-1033,1751 Lunder Street,Thailand
24,Delphine Cummungs,dcummungsn@msu.edu,989-478-5687,9 North Circle,Poland
25,Shoshanna Stollenbecker,sstollenbeckero@hao123.com,695-917-7684,27139 Kedzie Court,Poland
26,Andris Beadell,abeadellp@webmd.com,949-745-9138,66832 Hagan Court,Japan
27,Maggi Moberley,mmoberleyq@arizona.edu,897-902-5720,093 Summit Park,France
28,Hendrick Sainsbury-Brown,hsainsburybrownr@nps.gov,454-157-1306,83 Pond Center,Thailand
29,Ami Goldney,agoldneys@china.com.cn,848-285-6315,62766 Old Shore Terrace,Afghanistan
30,Andrew Jordon,ajordont@zimbio.com,369-909-0050,601 Maple Center,Poland
31,Zabrina Hellewell,zhellewellu@mtv.com,470-180-8277,47751 Bobwhite Place,Vietnam
32,Welch Thackham,wthackhamv@w3.org,984-723-9277,5426 Gina Lane,Japan
33,Lowell Calender,lcalenderw@amazon.co.uk,156-647-8261,93084 Lawn Terrace,Brazil
34,Elwira MacDougall,emacdougallx@163.com,105-488-4376,05907 Dayton Street,France
35,Barbaraanne Redit,bredity@samsung.com,370-707-2052,550 Grover Parkway,Brazil
36,Winifred Sandever,wsandeverz@youtube.com,915-900-2056,5458 Ridge Oak Lane,Afghanistan
37,Muffin Fetherby,mfetherby10@fema.gov,281-229-6303,0915 Glacier Hill Alley,France
38,Elmira Webley,ewebley11@usatoday.com,234-822-4015,28 Rowland Crossing,France
39,Ines Bremond,ibremond12@discuz.net,227-891-7386,6 Talisman Lane,Malaysia
40,Nollie Clashe,nclashe13@comcast.net,513-177-1214,81 Meadow Ridge Point,Vietnam
41,Dennison Vezey,dvezey14@csmonitor.com,861-990-1820,5870 Farragut Junction,Argentina
42,Michal Cleyne,mcleyne15@vimeo.com,185-353-9940,522 1st Terrace,Japan
43,Damara Pargetter,dpargetter16@macromedia.com,873-843-6936,0690 Butterfield Avenue,Brazil
44,Welby Elvey,welvey17@nih.gov,603-218-9556,05375 Crescent Oaks Crossing,Brazil
45,Gaby Kezourec,gkezourec18@si.edu,285-237-5089,93 Amoth Hill,Brazil
46,Krystalle Ecclesall,kecclesall19@house.gov,215-978-9696,364 Monica Way,Poland
47,Mabel Conford,mconford1a@nsw.gov.au,155-590-7205,9703 Fisk Plaza,Poland
48,Angelita Ivons,aivons1b@flavors.me,442-236-5222,3 Amoth Point,France
49,Baudoin Bagnal,bbagnal1c@instagram.com,357-612-7275,712 Spohn Drive,Portugal
50,Guthrie Andrea,gandrea1d@topsy.com,892-610-2347,1 Westridge Point,Poland
51,Deloris Mew,dmew1e@usnews.com,173-592-8562,72340 Roxbury Way,Argentina
52,Odo Radbourne,oradbourne1f@boston.com,212-734-0909,2748 Becker Crossing,Brazil
53,Colline Ainsworth,cainsworth1g@storify.com,628-161-6394,498 Aberg Road,Brazil
54,Jacinthe Mabon,jmabon1h@free.fr,170-737-9448,9769 Arizona Center,Portugal
55,Kaiser Mico,kmico1i@skype.com,397-590-5131,7 Dwight Trail,Portugal
56,Rosamund Tunaclift,rtunaclift1j@printfriendly.com,805-600-9274,0878 Namekagon Junction,Poland
57,Cam Cahillane,ccahillane1k@marriott.com,204-811-5204,6664 American Place,Japan
58,Nataniel Antwis,nantwis1l@independent.co.uk,698-510-5575,3686 Columbus Road,Portugal
59,Kirsti Lemarie,klemarie1m@purevolume.com,166-306-5491,81794 Menomonie Street,Portugal
60,Chickie Delete,cdelete1n@vinaora.com,161-679-7161,7 Grasskamp Terrace,Thailand
61,Kristin Kitchingman,kkitchingman1o@istockphoto.com,397-638-2448,5 Main Pass,Thailand
62,Lotti Moorfield,lmoorfield1p@51.la,445-915-9947,6 Golden Leaf Road,Brazil
63,Tracie Penhalewick,tpenhalewick1q@nationalgeographic.com,405-912-3912,860 Sunfield Junction,Thailand
64,Estrella Gerding,egerding1r@tripadvisor.com,832-850-8213,0 Ramsey Court,Brazil
65,Marrissa Cuncarr,mcuncarr1s@go.com,668-617-0018,966 Onsgard Park,Portugal
66,Lars Seccombe,lseccombe1t@deliciousdays.com,334-505-8340,90 Bay Hill,Argentina
67,Maurie Klebes,mklebes1u@gov.uk,760-826-7362,5238 Browning Way,Cameroon
68,Penrod Eyles,peyles1v@thetimes.co.uk,874-146-8792,27662 Thackeray Place,Portugal
69,Mariya Doohan,mdoohan1w@dell.com,943-857-0194,6536 Alpine Circle,Thailand
70,Isabella Tingle,itingle1x@artisteer.com,375-811-5658,613 Roth Hill,France
71,Livy Fazan,lfazan1y@reuters.com,735-987-8902,6266 Sommers Alley,France
72,Britt Hattoe,bhattoe1z@webnode.com,172-738-8682,0 Bonner Parkway,Portugal
73,Irene Bullick,ibullick20@gravatar.com,757-874-6074,6 Blackbird Plaza,Portugal
74,Osborn Yanyshev,oyanyshev21@discovery.com,166-161-5202,708 Nobel Hill,France
75,Zora Scarfe,zscarfe22@noaa.gov,967-511-9995,70855 Meadow Valley Terrace,Afghanistan
76,Alex Prantoni,aprantoni23@bloglovin.com,134-275-4746,45 Lake View Alley,Brazil
77,Jacquie Axelby,jaxelby24@noaa.gov,809-108-3687,915 Grim Court,Afghanistan
78,Nissa Woolacott,nwoolacott25@constantcontact.com,232-537-1946,59124 Riverside Avenue,Portugal
79,Joby Antcliff,jantcliff26@soup.io,329-162-1131,9 Starling Lane,Poland
80,Roselia Annies,rannies27@hugedomains.com,747-193-4585,37890 Ruskin Point,Portugal
81,Pryce Baumadier,pbaumadier28@hc360.com,944-746-2383,920 Transport Hill,Brazil
82,Burlie Aloshikin,baloshikin29@nymag.com,308-839-5270,21126 Golf Course Court,Portugal
83,Ulrikaumeko Dyson,udyson2a@loc.gov,345-239-2338,02089 Sachtjen Circle,Poland
84,Janelle Hedden,jhedden2b@narod.ru,359-519-3140,18224 1st Drive,Armenia
85,Barn Gouldbourn,bgouldbourn2c@dropbox.com,849-860-7036,025 Village Green Street,Antigua and Barbuda
86,Elvis Toffaloni,etoffaloni2d@addtoany.com,696-985-2553,0 Brentwood Way,France
87,Blaire Vashchenko,bvashchenko2e@tinyurl.com,894-152-7941,0 Briar Crest Circle,Japan
88,Marsiella Po,mpo2f@mayoclinic.com,478-882-4855,8 Helena Parkway,Thailand
89,Nikita Edmonstone,nedmonstone2g@hostgator.com,197-380-2600,42503 Westport Center,Portugal
90,Antonia Sarch,asarch2h@sbwire.com,675-491-1999,741 Reindahl Circle,Brazil
91,Gordy Gasking,ggasking2i@buzzfeed.com,854-127-7011,82378 Transport Alley,Bolivia
92,Georas Gillbard,ggillbard2j@narod.ru,267-529-7339,052 Northport Trail,Brazil
93,Harriett Roxburgh,hroxburgh2k@irs.gov,553-772-8039,445 Huxley Crossing,Brazil
94,Josselyn Chaffer,jchaffer2l@wunderground.com,657-555-1926,98241 International Pass,Brazil
95,Alisander Neaves,aneaves2m@ocn.ne.jp,548-663-5735,9632 Hoard Way,Poland
96,Brendis Gambrell,bgambrell2n@rakuten.co.jp,853-247-8270,9 Mitchell Way,Portugal
97,Jaclin Gilbane,jgilbane2o@plala.or.jp,369-362-7989,6 Eastlawn Circle,Brazil
98,Idaline Hrishchenko,ihrishchenko2p@ezinearticles.com,302-687-5127,7111 Oakridge Lane,Uruguay
99,Bryan Sprowles,bsprowles2q@sun.com,997-732-9550,689 Monument Road,Brazil
100,Amber Drakard,adrakard2r@adobe.com,128-834-4525,540 Almo Alley,Brazil
101,Sharia Tonsley,stonsley2s@admin.ch,386-820-7906,3790 Waubesa Terrace,Poland
102,Stanwood Vecard,svecard2t@nbcnews.com,448-498-3839,40 Shelley Hill,Portugal
103,Herb Gommowe,hgommowe2u@clickbank.net,161-360-3216,24 Prairieview Alley,Poland
104,Gino Arnaudi,garnaudi2v@tinypic.com,756-230-8970,37614 Manufacturers Street,Thailand
105,Bianka Cahen,bcahen2w@wiley.com,612-305-7892,4 Florence Drive,Argentina
106,Bonita Gilloran,bgilloran2x@bandcamp.com,602-925-1111,69045 Mandrake Park,Portugal
107,Theresita Schachter,tschachter2y@independent.co.uk,295-577-1929,3581 Delaware Terrace,Brazil
108,April Laugheran,alaugheran2z@who.int,289-487-6144,7 Dawn Plaza,Portugal
109,Valery Scales,vscales30@reference.com,861-291-0980,521 Sachs Way,France
110,Maia Ruppel,mruppel31@nature.com,804-366-6182,7 Talisman Street,France
111,Harriott O'Donegan,hodonegan32@altervista.org,857-366-8673,06217 Superior Terrace,Argentina
112,Selina Grundon,sgrundon33@biblegateway.com,217-527-5633,654 Elka Place,Poland
113,Joyann Cleworth,jcleworth34@mysql.com,664-583-6538,22 Monica Trail,France
114,Roger Huzzey,rhuzzey35@devhub.com,266-495-2517,90 Moland Terrace,Japan
115,Raul Valiant,rvaliant36@amazon.co.jp,268-622-6400,27702 Elka Pass,Poland
116,Damara Probey,dprobey37@elpais.com,373-507-3892,9 Sommers Circle,Germany
117,Shauna Fairpo,sfairpo38@cdc.gov,775-131-1234,634 Glendale Terrace,Poland
118,Nikki Engeham,nengeham39@hatena.ne.jp,472-137-4995,52 Prentice Circle,Poland
119,Monti Mibourne,mmibourne3a@statcounter.com,781-645-0746,01090 Clarendon Pass,Thailand
120,Fritz Fenby,ffenby3b@phoca.cz,607-692-7877,0 Maple Plaza,Poland
121,Reinhard Yvon,ryvon3c@accuweather.com,957-390-6309,124 Pankratz Pass,Spain
122,Jorgan Harpin,jharpin3d@w3.org,216-544-4430,583 Westridge Hill,Afghanistan
123,Shaun Hounsome,shounsome3e@state.gov,774-111-9164,41 Village Green Center,Brazil
124,Monique Morey,mmorey3f@1688.com,438-879-4497,55822 Maryland Alley,Thailand
125,Pippa Rocca,procca3g@blogs.com,766-309-2007,608 Green Ridge Road,France
126,Jemmy Baike,jbaike3h@t-online.de,982-890-3318,50620 Cambridge Court,Thailand
127,Giffer Chantrell,gchantrell3i@hostgator.com,717-342-7577,572 Blue Bill Park Trail,Cameroon
128,Berrie Barth,bbarth3j@trellian.com,605-501-9962,279 Washington Parkway,Poland
129,Zilvia Gamlyn,zgamlyn3k@soundcloud.com,248-996-6194,33509 Raven Center,North Korea
130,Rodie Mostin,rmostin3l@oakley.com,423-845-7926,4 Starling Lane,Portugal
131,Maire Meach,mmeach3m@quantcast.com,593-982-5895,424 Waywood Court,Portugal
132,Farrah Sandison,fsandison3n@discuz.net,838-620-8895,0 Old Shore Road,Poland
133,Padget Rubenov,prubenov3o@twitpic.com,981-974-6418,4921 Fieldstone Terrace,Thailand
134,Barbaraanne Upjohn,bupjohn3p@wix.com,185-707-6392,8 West Plaza,Poland
135,Lindsey Killingbeck,lkillingbeck3q@jiathis.com,767-710-8551,8244 Fulton Pass,Poland
136,Sully Bremley,sbremley3r@omniture.com,866-763-5425,22943 Mendota Crossing,Poland
137,Daron Symones,dsymones3s@printfriendly.com,106-852-5590,93712 Forest Run Plaza,Poland
138,Lyndel Jelf,ljelf3t@sfgate.com,262-570-2256,7 Canary Lane,Brazil
139,Bren Stannett,bstannett3u@ocn.ne.jp,867-227-7652,04 Gale Lane,Argentina
140,Craig Kenway,ckenway3v@cpanel.net,970-148-3907,362 West Court,Poland
141,Cherice Servis,cservis3w@mit.edu,429-712-6064,6449 Kipling Terrace,Brazil
142,Gustavus D'Antuoni,gdantuoni3x@utexas.edu,933-518-0079,7934 Moose Terrace,Brazil
143,Fonz Horche,fhorche3y@people.com.cn,462-770-8564,04 Lyons Alley,Japan
144,Lucilia Kabisch,lkabisch3z@desdev.cn,205-118-8966,1539 Fair Oaks Terrace,Brazil
145,Delmore Pinsent,dpinsent40@nba.com,527-951-2750,93168 Jay Way,Poland
146,Rory Herculson,rherculson41@tripod.com,774-133-3085,03 Kingsford Alley,Spain
147,Mady Gigg,mgigg42@nsw.gov.au,656-402-6170,0 Sloan Terrace,France
148,Edgar Walkden,ewalkden43@scribd.com,270-643-9914,938 Petterle Alley,Brazil
149,Hodge Tilzey,htilzey44@gov.uk,639-966-4817,65636 Continental Street,Portugal
150,Gearard Feaster,gfeaster45@techcrunch.com,536-230-2832,32162 Jana Way,Japan
151,Cassaundra Royle,croyle46@oakley.com,475-247-1060,5 Clemons Junction,France
152,Tate Folder,tfolder47@hubpages.com,448-462-7748,7 Maple Drive,Vietnam
153,Ephraim Saura,esaura48@pcworld.com,338-386-1807,26867 Donald Street,Armenia
154,Pietrek Kingswood,pkingswood49@feedburner.com,498-100-8067,756 Cherokee Hill,Brazil
155,Teador Nichols,tnichols4a@thetimes.co.uk,269-504-8194,1782 Carpenter Pass,Poland
156,Marwin Alforde,malforde4b@kickstarter.com,897-522-7002,9080 Green Ridge Plaza,Thailand
157,Solly Hiscoe,shiscoe4c@google.ru,772-177-7761,9 Norway Maple Circle,Poland
158,Estelle Alf,ealf4d@fastcompany.com,560-347-7698,5361 Schurz Parkway,Japan
159,Gaile Barock,gbarock4e@gizmodo.com,978-161-8859,88322 Schmedeman Junction,Brazil
160,Gil Boughtwood,gboughtwood4f@joomla.org,315-501-6419,596 Fremont Place,Poland
161,Dennie Vivians,dvivians4g@photobucket.com,173-487-1064,917 Bartelt Hill,France
162,Charil Dunsleve,cdunsleve4h@moonfruit.com,834-356-3530,57 Commercial Plaza,France
163,Pierre Willson,pwillson4i@chronoengine.com,961-153-7441,05 Roth Drive,Brazil
164,Olia Theaker,otheaker4j@acquirethisname.com,884-522-0351,8 Hallows Trail,France
165,Pete Stairmond,pstairmond4k@imdb.com,664-528-2767,1 Ryan Hill,Bahamas
166,Northrup Coldman,ncoldman4l@chicagotribune.com,766-405-6597,40 Grasskamp Crossing,Portugal
167,Cale Hark,chark4m@ustream.tv,614-907-2302,38 Cottonwood Crossing,Portugal
168,Ileane Grieger,igrieger4n@scribd.com,270-951-9779,1 American Junction,Japan
169,Lindie Lillow,llillow4o@sourceforge.net,168-558-7332,1 Daystar Parkway,Portugal
170,Norah MacGarvey,nmacgarvey4p@hhs.gov,113-173-5284,78 Montana Crossing,Thailand
171,Courtnay Blurton,cblurton4q@i2i.jp,577-737-6486,6007 Lotheville Terrace,France
172,Karena Frampton,kframpton4r@vkontakte.ru,328-658-0702,218 Sugar Parkway,Brazil
173,Berny Poser,bposer4s@creativecommons.org,939-150-0179,301 Glendale Drive,Portugal
174,Micheline Dwerryhouse,mdwerryhouse4t@springer.com,648-841-9812,57 Scofield Place,Portugal
175,Chilton Tremellier,ctremellier4u@multiply.com,569-760-8274,638 Bartelt Place,Portugal
176,Brigitte Haydn,bhaydn4v@hugedomains.com,301-381-5026,0 Hoard Junction,Portugal
177,Katusha Bonds,kbonds4w@mayoclinic.com,502-296-0575,8 Anniversary Road,Brazil
178,Lesley Downes,ldownes4x@dmoz.org,814-767-6987,1 Comanche Trail,Portugal
179,Melli Passo,mpasso4y@xing.com,644-634-6276,515 Oak Circle,Japan
180,Holt Sandeman,hsandeman4z@issuu.com,425-477-5847,2631 Almo Street,Vietnam
181,Windy Crilly,wcrilly50@china.com.cn,644-239-9659,22987 Cascade Trail,Poland
182,Paxton Graundisson,pgraundisson51@parallels.com,913-587-2332,7 Florence Park,Portugal
183,Georgy Kline,gkline52@mozilla.com,370-604-5198,16722 Mandrake Circle,France
184,Taddeusz Bromidge,tbromidge53@shareasale.com,571-497-7532,96681 Eagan Point,Thailand
185,Gustav Trenaman,gtrenaman54@ucsd.edu,189-212-4492,20 Evergreen Pass,Japan
186,Petey Emtage,pemtage55@php.net,513-541-4598,5305 Marcy Street,Germany
187,Miguela Unger,munger56@livejournal.com,153-616-9703,10 Shasta Center,Portugal
188,Ardath McDermot,amcdermot57@purevolume.com,566-995-8680,53947 Swallow Parkway,Brazil
189,Nealson Brunner,nbrunner58@timesonline.co.uk,403-277-5359,79 Waywood Lane,France
190,Titos Bernadot,tbernadot59@sina.com.cn,600-980-8419,71 International Lane,Thailand
191,Bone Malyon,bmalyon5a@usda.gov,340-673-1588,599 Sherman Circle,Vietnam
192,Caty Slarke,cslarke5b@stanford.edu,493-195-1323,13998 Merrick Park,Poland
193,Felike Tutt,ftutt5c@vkontakte.ru,913-838-2205,6 Nevada Avenue,Portugal
194,Franklyn Aurelius,faurelius5d@lycos.com,372-978-7575,54759 Fremont Court,Argentina
195,Adrian Veljes,aveljes5e@google.com,963-374-3175,43 Crownhardt Avenue,Vietnam
196,Desmund Vater,dvater5f@bbc.co.uk,225-571-8391,154 Hintze Center,Thailand
197,Shelagh Cranmere,scranmere5g@wsj.com,138-755-6256,51820 Larry Parkway,Denmark
198,Natka Levecque,nlevecque5h@jimdo.com,150-175-1039,0930 Grim Hill,Spain
199,Delmar Shall,dshall5i@hexun.com,811-649-9377,018 Oxford Lane,Poland
200,Catrina Oxterby,coxterby5j@is.gd,897-858-8958,53611 Sunnyside Center,Japan
201,Malena Overthrow,moverthrow5k@archive.org,734-425-5545,63 Lunder Hill,Poland
202,Minne Towhey,mtowhey5l@netscape.com,174-933-4029,488 Coolidge Park,France
203,Donni Lockney,dlockney5m@amazon.co.uk,113-896-0940,3 Duke Hill,Armenia
204,Pansy O'Donohue,podonohue5n@wunderground.com,594-878-8158,8746 Lindbergh Hill,Brazil
205,Desdemona Loffhead,dloffhead5o@blogspot.com,408-710-1528,394 Di Loreto Plaza,Portugal
206,Sebastiano Clemmensen,sclemmensen5p@hexun.com,752-374-2538,89 Mallard Junction,Portugal
207,Lisette Driuzzi,ldriuzzi5q@linkedin.com,710-779-6824,07 Milwaukee Street,Japan
208,Adrian Vines,avines5r@nhs.uk,118-827-4796,52 Farmco Junction,Argentina
209,Cosmo Paoletto,cpaoletto5s@prnewswire.com,336-836-6660,417 Carpenter Road,Malaysia
210,Kassi Willman,kwillman5t@disqus.com,452-812-1449,66194 Granby Avenue,Japan
211,Elisa Shropsheir,eshropsheir5u@umn.edu,310-519-9392,6837 Warbler Park,Argentina
212,Alfy McBratney,amcbratney5v@tiny.cc,113-120-8938,81 Jana Road,Portugal
213,Stacee Aspling,saspling5w@omniture.com,588-213-5124,8 Manitowish Circle,Portugal
214,Georgine McCloughlin,gmccloughlin5x@gizmodo.com,314-154-9269,8244 Eliot Way,Portugal
215,Shari Rabson,srabson5y@hostgator.com,472-305-3545,354 Bobwhite Plaza,Poland
216,Millie Earle,mearle5z@whitehouse.gov,569-390-8681,6229 Clove Alley,Argentina
217,Rennie Aubery,raubery60@oaic.gov.au,116-483-3959,17618 Farragut Junction,Vietnam
218,Roi Goldsbrough,rgoldsbrough61@hatena.ne.jp,180-416-5318,96008 Sauthoff Terrace,Thailand
219,Carin Quantrell,cquantrell62@rambler.ru,716-673-6613,6 Johnson Hill,France
220,Ilyssa Iacopini,iiacopini63@yellowbook.com,605-842-3699,784 David Parkway,Bolivia
221,Giacopo Wollacott,gwollacott64@ed.gov,747-480-4961,8 Autumn Leaf Street,Malaysia
222,Deane Althrop,dalthrop65@ox.ac.uk,901-318-4029,10681 Northridge Center,Japan
223,Thorndike Lago,tlago66@discovery.com,829-660-3977,5 Mallory Junction,Portugal
224,Wayne Peter,wpeter67@usda.gov,362-724-4271,2 Granby Hill,Japan
225,Theadora Markie,tmarkie68@bluehost.com,995-973-8531,82 Luster Alley,Brazil
226,Darcie Kittles,dkittles69@theglobeandmail.com,832-478-9167,68862 Judy Center,Argentina
227,Ailee Skarin,askarin6a@godaddy.com,694-431-7941,50 Cardinal Street,Thailand
228,Demetria Sandland,dsandland6b@google.com.br,756-157-9559,44870 Corry Plaza,Portugal
229,Aloisia Burkinshaw,aburkinshaw6c@cam.ac.uk,291-755-2136,34896 Melby Alley,Japan
230,Oates Bedburrow,obedburrow6d@vimeo.com,850-105-6016,5 Lindbergh Center,Brazil
231,Genvieve Leadbetter,gleadbetter6e@cbsnews.com,276-735-0145,36761 Toban Plaza,France
232,Arie Gofforth,agofforth6f@chron.com,765-888-5983,7242 Jenifer Court,Thailand
233,Job Comins,jcomins6g@altervista.org,127-569-4281,8 Duke Hill,Thailand
234,Axe Licciardi,alicciardi6h@redcross.org,314-898-8290,3027 Fuller Junction,France
235,Emelen Furnell,efurnell6i@theguardian.com,822-253-5432,62 Holmberg Lane,Brazil
236,Hew Mallabon,hmallabon6j@networksolutions.com,129-918-4564,957 Kim Pass,Afghanistan
237,Andrea Klainman,aklainman6k@census.gov,157-568-1014,72940 Stang Circle,Thailand
238,Betti Duff,bduff6l@statcounter.com,626-879-5381,575 Sloan Trail,Brazil
239,Justine Huriche,jhuriche6m@issuu.com,861-584-5543,83 Coleman Road,Brazil
240,Danita McGarrahan,dmcgarrahan6n@telegraph.co.uk,939-594-3785,6586 Hooker Point,Portugal
241,Marcellus Face,mface6o@ezinearticles.com,752-908-9923,2425 Heath Alley,Argentina
242,Theda Elcomb,telcomb6p@reverbnation.com,126-846-7535,95789 Anderson Hill,Argentina
243,Yolanthe Czadla,yczadla6q@shinystat.com,667-223-5044,3933 Melby Street,Poland
244,Kellina Slesser,kslesser6r@oracle.com,470-350-7727,2220 2nd Crossing,Malaysia
245,Marve Brockway,mbrockway6s@ihg.com,317-646-1766,200 Nobel Crossing,France
246,Shawn Danielli,sdanielli6t@bloomberg.com,718-774-2182,9 School Street,Thailand
247,Laurent Stancer,lstancer6u@alexa.com,634-619-5058,7 Fuller Crossing,Portugal
248,Gaelan McLevie,gmclevie6v@nyu.edu,497-367-7540,7 Roxbury Road,Poland
249,Nancey Wadwell,nwadwell6w@fastcompany.com,677-392-4518,9431 Artisan Drive,Portugal
250,Dotty Iron,diron6x@vimeo.com,923-344-0279,5 Mosinee Circle,Argentina
251,Tiena Leander,tleander6y@1und1.de,500-319-5789,3 Petterle Court,Spain
252,Bat Sammon,bsammon6z@sina.com.cn,811-702-4089,3415 Little Fleur Lane,France
253,Karel Heathorn,kheathorn70@tinyurl.com,554-588-9554,4737 Florence Lane,Angola
254,Florencia Wudeland,fwudeland71@ft.com,477-861-7180,14 Summit Parkway,France
255,Juliet Tether,jtether72@tuttocitta.it,602-489-4404,434 Towne Street,Poland
256,Standford Philcott,sphilcott73@chron.com,721-933-3440,063 Del Mar Center,Cameroon
257,Ab Henniger,ahenniger74@1und1.de,818-385-8582,8 Northwestern Circle,Portugal
258,Hersch De Mitris,hde75@w3.org,606-118-9917,43 Alpine Street,Spain
259,Esther Kynoch,ekynoch76@meetup.com,956-528-1352,045 Menomonie Alley,Portugal
260,Franni Coil,fcoil77@disqus.com,796-833-8047,14 Tennessee Drive,Thailand
261,Gwenni McCaughen,gmccaughen78@sogou.com,795-504-1794,7666 Summerview Lane,Portugal
262,Yasmin Gerard,ygerard79@ihg.com,484-582-6910,78656 Cody Alley,Brazil
263,Aldridge Vlahos,avlahos7a@diigo.com,589-402-5516,727 Florence Terrace,Argentina
264,Austin Trehearn,atrehearn7b@google.es,550-491-5902,8975 Portage Lane,Brazil
265,Liza Hawse,lhawse7c@ebay.co.uk,200-471-2541,39 Tony Plaza,Brazil
266,Aubry Golsthorp,agolsthorp7d@webmd.com,210-455-0405,2652 Truax Parkway,Brazil
267,Kari Cale,kcale7e@usgs.gov,630-987-2223,1 Ludington Alley,Argentina
268,Blondy Yakovl,byakovl7f@nifty.com,377-983-3943,03 Duke Terrace,Thailand
269,Kennedy Elsmore,kelsmore7g@techcrunch.com,404-171-5617,668 Green Ridge Pass,Malaysia
270,Vaughan Hughland,vhughland7h@blogger.com,245-947-7311,17 Truax Way,Germany
271,Sherline Osan,sosan7i@imgur.com,579-482-2435,648 Mallard Pass,France
272,Emlyn Seedull,eseedull7j@seesaa.net,113-334-1179,1 Crest Line Hill,Brazil
273,Othelia De Brett,ode7k@nhs.uk,808-909-6284,726 Lawn Trail,France
274,Sayre Wiggall,swiggall7l@nationalgeographic.com,484-873-7608,8549 Pawling Crossing,Portugal
275,Dorothy Roots,droots7m@github.io,251-451-4127,97 Namekagon Avenue,Poland
276,Cahra Arthars,carthars7n@cpanel.net,576-516-1267,807 Hoffman Road,Poland
277,Candy Jennaway,cjennaway7o@newyorker.com,771-503-8986,2 Bobwhite Park,Poland
278,Devy Compfort,dcompfort7p@lycos.com,694-343-0901,14 Dawn Road,Poland
279,Ursulina Sharpe,usharpe7q@ucla.edu,419-388-0119,617 Jana Way,Thailand
280,Barbabas Greenhouse,bgreenhouse7r@wikimedia.org,951-200-1607,311 Bowman Junction,Poland
281,Lindi Tschersich,ltschersich7s@apple.com,366-741-3876,5390 Victoria Terrace,Malaysia
282,Luce Baggs,lbaggs7t@cafepress.com,595-809-2708,95 Lighthouse Bay Parkway,Japan
283,Sindee Foden,sfoden7u@washingtonpost.com,313-812-8794,38 2nd Pass,Poland
284,Rhea de Pinna,rde7v@businessinsider.com,870-143-6012,0664 Weeping Birch Street,Portugal
285,Ursala Manna,umanna7w@vkontakte.ru,544-695-7817,35742 Almo Place,Portugal
286,Ab Cannaway,acannaway7x@webs.com,359-393-2120,59744 Namekagon Trail,Portugal
287,Marthena Bathersby,mbathersby7y@jiathis.com,391-102-8895,145 Dennis Pass,Poland
288,Bridie Webber,bwebber7z@biblegateway.com,964-788-6781,7 Westend Street,Japan
289,Janeczka Caulkett,jcaulkett80@dion.ne.jp,130-651-0141,44693 Lyons Alley,Portugal
290,Daryl Giannotti,dgiannotti81@stanford.edu,840-650-9269,0 Lerdahl Road,Argentina
291,Reynolds Paulino,rpaulino82@pen.io,447-124-0132,160 Lukken Center,Thailand
292,Jsandye Trineman,jtrineman83@dedecms.com,646-185-3485,530 Thierer Avenue,France
293,Vera Taylot,vtaylot84@nih.gov,201-578-5833,885 Division Parkway,Argentina
294,Chane Favela,cfavela85@guardian.co.uk,593-545-5416,6973 Spaight Way,Thailand
295,Carline Kamena,ckamena86@t.co,515-908-8896,1 Mayer Way,Bolivia
296,Massimiliano Necrews,mnecrews87@dmoz.org,582-579-8524,4774 Lakeland Hill,Poland
297,Marty Franzoli,mfranzoli88@netvibes.com,599-161-8172,045 Golf Park,Poland
298,Bianka Pundy,bpundy89@disqus.com,420-955-9450,85 Logan Trail,France
299,Joyann Coit,jcoit8a@instagram.com,855-856-1666,884 Coolidge Terrace,Thailand
300,Balduin Simek,bsimek8b@ezinearticles.com,716-181-6824,0013 Bultman Crossing,Argentina
301,Desiree Klimmek,dklimmek8c@weebly.com,551-333-9353,0943 Armistice Circle,Thailand
302,Abagael Titlow,atitlow8d@fastcompany.com,354-239-9663,2240 Manitowish Lane,Argentina
303,Nalani Brocklebank,nbrocklebank8e@t-online.de,183-803-6036,1 Trailsway Center,Denmark
304,Editha Exley,eexley8f@woothemes.com,299-206-5166,0 Dorton Road,Brazil
305,Brina Bonds,bbonds8g@xinhuanet.com,208-984-9620,38590 Troy Center,Japan
306,Chantalle Fessions,cfessions8h@sciencedirect.com,867-512-0085,056 7th Pass,Afghanistan
307,Alidia Plackstone,aplackstone8i@artisteer.com,626-689-6009,005 Pine View Hill,Brazil
308,Marji Bowhey,mbowhey8j@meetup.com,375-340-3263,9 Mariners Cove Circle,France
309,Marya Darque,mdarque8k@about.com,220-953-0787,9 Milwaukee Trail,Portugal
310,Olivie Holsey,oholsey8l@squidoo.com,744-180-9903,3818 Toban Place,Brazil
311,Maude Scranney,mscranney8m@oakley.com,127-943-0022,964 Bluejay Pass,Portugal
312,Helli Camosso,hcamosso8n@nih.gov,264-416-0682,33337 Garrison Drive,France
313,Sayres Sievewright,ssievewright8o@com.com,546-308-0564,7 Wayridge Road,Malaysia
314,Bennie Rolse,brolse8p@marriott.com,968-237-1588,42 Calypso Lane,Portugal
315,Northrop Dusey,ndusey8q@xinhuanet.com,646-780-4723,13 Caliangt Road,Denmark
316,Valli Stannus,vstannus8r@jimdo.com,287-561-2712,938 Towne Park,Portugal
317,Dewitt Gilffillan,dgilffillan8s@dmoz.org,241-692-9248,0525 Ilene Place,Cameroon
318,Sisely Noni,snoni8t@earthlink.net,445-433-4542,52 Corben Terrace,Poland
319,Jobie Taudevin,jtaudevin8u@seattletimes.com,603-504-2799,2396 Hoepker Plaza,Portugal
320,Ardelle Hebdon,ahebdon8v@rakuten.co.jp,113-561-0707,73031 Harbort Lane,Portugal
321,Garfield Cuppitt,gcuppitt8w@oracle.com,611-161-1922,98 Sherman Place,France
322,Charisse Kintzel,ckintzel8x@netscape.com,145-831-2568,74244 Anderson Center,Portugal
323,Elliot Brigstock,ebrigstock8y@ifeng.com,742-717-0066,327 Charing Cross Way,Poland
324,Winnie Lambot,wlambot8z@tiny.cc,391-852-4597,903 6th Hill,Poland
325,Lindie Paoletto,lpaoletto90@e-recht24.de,783-939-4003,6153 Jackson Alley,France
326,Aron Slora,aslora91@accuweather.com,210-178-9714,17 Crescent Oaks Junction,Germany
327,Roberta Wadly,rwadly92@wordpress.org,849-557-1939,2835 Brown Drive,Argentina
328,Thorin Montrose,tmontrose93@squarespace.com,111-564-2820,656 International Court,Portugal
329,Chaddy Shilladay,cshilladay94@utexas.edu,473-881-4088,1463 Redwing Junction,Portugal
330,Issi Twittey,itwittey95@amazon.com,811-209-5447,287 Shopko Point,Portugal
331,Jan Meugens,jmeugens96@oakley.com,616-120-1752,0 Cody Junction,Brazil
332,Artur Tootal,atootal97@yandex.ru,103-818-9655,73 Tony Pass,Argentina
333,Ondrea Glason,oglason98@taobao.com,911-637-8169,275 Carpenter Crossing,Portugal
334,Pandora Jellett,pjellett99@parallels.com,661-268-6968,3 Hintze Drive,Poland
335,Breanne Preator,bpreator9a@miibeian.gov.cn,286-203-8841,56 Ridgeview Pass,Portugal
336,Lorain Beeck,lbeeck9b@pinterest.com,858-518-9197,38675 Fallview Hill,Bolivia
337,Burgess Van der Hoeven,bvan9c@goodreads.com,194-271-9787,39752 Veith Terrace,Malaysia
338,Meier Ridger,mridger9d@joomla.org,753-486-3294,8 Bonner Pass,Portugal
339,Ulberto Dunbobin,udunbobin9e@purevolume.com,286-374-6979,98570 Hovde Hill,Portugal
340,Clementia Bruins,cbruins9f@simplemachines.org,273-495-7707,35981 Chinook Terrace,France
341,Crichton Gawke,cgawke9g@wikia.com,387-960-6399,501 Katie Center,Poland
342,Leeland Leyden,lleyden9h@arizona.edu,906-359-1863,00218 Chinook Pass,Poland
343,Bernadette Padfield,bpadfield9i@who.int,743-114-5595,1589 Banding Way,Argentina
344,Lorie Cornehl,lcornehl9j@unblog.fr,381-765-6387,5603 Armistice Center,Portugal
345,Amanda Needham,aneedham9k@mtv.com,926-361-4127,1854 Spenser Drive,Armenia
346,Arel Eplate,aeplate9l@dot.gov,545-299-3400,7 Mallory Circle,Afghanistan
347,Steve Norvel,snorvel9m@admin.ch,516-843-7978,0 Shopko Plaza,Portugal
348,Colene Meneely,cmeneely9n@jigsy.com,381-605-6635,4201 Lakewood Terrace,Brazil
349,Lorant Wedmore.,lwedmore9o@facebook.com,819-996-4262,1 Anhalt Way,Poland
350,Glenden Bohlje,gbohlje9p@hugedomains.com,677-356-4902,458 Bultman Alley,Argentina
351,Melita Jersch,mjersch9q@senate.gov,906-725-0906,378 South Plaza,Portugal
352,Tripp Awin,tawin9r@addthis.com,593-267-2590,438 Cordelia Place,Thailand
353,Tyson Wakefield,twakefield9s@howstuffworks.com,787-632-7835,171 Trailsway Drive,France
354,Terra Whiteway,twhiteway9t@wufoo.com,843-553-9924,0396 Delladonna Avenue,Japan
355,Keary McKinney,kmckinney9u@sogou.com,487-899-6481,63894 Canary Way,Portugal
356,Jonathan Madigan,jmadigan9v@stumbleupon.com,237-202-5280,739 Orin Way,Vietnam
357,Isacco Colebrook,icolebrook9w@kickstarter.com,510-311-1086,78984 Buell Pass,Portugal
358,Kip Kinnier,kkinnier9x@slideshare.net,311-575-0585,8 Brown Trail,Japan
359,Valma Pischof,vpischof9y@homestead.com,664-597-8280,389 Morning Trail,Brazil
360,Gaelan Kloser,gkloser9z@soup.io,925-874-2006,1 Monterey Trail,Poland
361,Bernie Hylden,bhyldena0@cam.ac.uk,447-478-3316,571 American Ash Hill,Poland
362,Celisse Bloxsom,cbloxsoma1@hao123.com,571-169-6159,67 Debra Parkway,Portugal
363,Jedediah Camili,jcamilia2@eepurl.com,321-616-1436,07 Bunker Hill Trail,Portugal
364,Arleen Kunz,akunza3@hostgator.com,317-738-8111,53010 Shelley Center,Brazil
365,Barty Benech,bbenecha4@google.com.hk,650-211-4261,0 Carberry Trail,Malaysia
366,Ediva Sedgmond,esedgmonda5@elpais.com,623-261-6110,533 Ramsey Place,Thailand
367,Domenic Riccioppo,driccioppoa6@last.fm,593-936-3632,74 Texas Street,Portugal
368,Julianne Wharlton,jwharltona7@auda.org.au,789-718-9667,55 Lakewood Place,Argentina
369,Kristoffer Deeley,kdeeleya8@ocn.ne.jp,757-167-3786,90 Grover Crossing,Japan
370,Abbe Cottis,acottisa9@de.vu,160-714-2843,7600 Rockefeller Circle,Brazil
371,Scott Paulusch,spauluschaa@ycombinator.com,706-136-5420,9544 Farmco Way,Portugal
372,Katti Lipson,klipsonab@google.ca,160-275-4133,447 Lyons Park,Bolivia
373,Dominica Rivaland,drivalandac@tripadvisor.com,744-518-6224,3 Mockingbird Parkway,France
374,Barnett Byrom,bbyromad@paypal.com,140-132-4689,0704 Maple Plaza,Thailand
375,Tory Guard,tguardae@bizjournals.com,259-972-1814,66702 High Crossing Circle,Brazil
376,Linea Glasby,lglasbyaf@mysql.com,888-556-8902,02 Cody Parkway,Angola
377,Ruggiero Tune,rtuneag@si.edu,805-327-5953,56 Dixon Lane,Thailand
378,Donal Loadwick,dloadwickah@bravesites.com,805-288-9867,025 Russell Parkway,France
379,Wilburt Cleaves,wcleavesai@auda.org.au,873-300-7376,14 Golden Leaf Court,Brazil
380,Mariya Ivasyushkin,mivasyushkinaj@mit.edu,886-464-9499,337 Esch Street,France
381,Finn Heinreich,fheinreichak@wired.com,295-163-2702,4529 Mifflin Trail,Portugal
382,Alfi Verbrugge,averbruggeal@sina.com.cn,351-592-9697,79 Dwight Plaza,Armenia
383,Elwyn Bethell,ebethellam@state.tx.us,331-676-0765,15109 Weeping Birch Drive,Portugal
384,Noreen Aylmer,naylmeran@photobucket.com,179-247-9590,426 Old Shore Place,Poland
385,Ingamar Rubury,iruburyao@alexa.com,182-858-6169,3908 Dexter Avenue,Japan
386,Wilek Rea,wreaap@go.com,214-439-6310,9 Bunker Hill Trail,Japan
387,Flory Willox,fwilloxaq@theglobeandmail.com,221-874-2738,6 Nelson Lane,Brazil
388,Zachery Tubbs,ztubbsar@technorati.com,607-122-0411,30 Schurz Center,Malaysia
389,Cari Jillett,cjillettas@creativecommons.org,413-651-8623,79 Hollow Ridge Circle,Aland Islands
390,Erika Aglione,eaglioneat@latimes.com,351-937-3197,99 Veith Parkway,Portugal
391,Glenda Busek,gbusekau@sitemeter.com,604-877-0017,69 Saint Paul Hill,Brazil
392,Bartlet Dumbare,bdumbareav@yellowpages.com,235-776-4015,9 Orin Hill,Portugal
393,Tod Mattedi,tmattediaw@chicagotribune.com,907-795-6724,724 Towne Road,Portugal
394,Broderic Winspire,bwinspireax@g.co,829-784-4290,5378 Northfield Circle,Brazil
395,Melina Moizer,mmoizeray@blogtalkradio.com,775-457-1955,98 Grayhawk Point,France
396,Mable Purselowe,mpurseloweaz@adobe.com,944-679-7308,7 Oxford Pass,Argentina
397,Nichol Croci,ncrocib0@bloomberg.com,383-677-4991,15138 Barnett Pass,Poland
398,Ashlan Gaenor,agaenorb1@printfriendly.com,270-200-2936,39761 Sheridan Hill,Thailand
399,Chastity MacAlpin,cmacalpinb2@mozilla.com,759-218-8064,2622 Burning Wood Junction,France
400,Archer Alenichev,aalenichevb3@fema.gov,438-591-7345,460 Manitowish Way,Brazil
401,Elvin Pauwel,epauwelb4@prlog.org,397-760-2011,83283 Victoria Parkway,Poland
402,Wallache People,wpeopleb5@booking.com,890-995-6994,9 Orin Park,Poland
403,Kaela Brandts,kbrandtsb6@nba.com,502-601-0623,1 Heath Alley,Poland
404,Felicio Liversidge,fliversidgeb7@fotki.com,988-603-0200,3 Stang Terrace,Portugal
405,Gwenny McKevany,gmckevanyb8@netlog.com,903-813-7922,51833 Loftsgordon Park,Poland
406,Davy Langmaid,dlangmaidb9@arstechnica.com,933-415-0036,559 Brown Junction,Vietnam
407,Revkah Ivie,rivieba@who.int,711-552-9694,9 Eggendart Plaza,Brazil
408,Emalee Smitten,esmittenbb@ebay.co.uk,820-174-0640,809 Anthes Crossing,Poland
409,Ashby Hellis,ahellisbc@tinypic.com,324-447-6565,37109 Hanson Point,Thailand
410,Jo-anne Michelin,jmichelinbd@biglobe.ne.jp,477-751-9096,38023 Barby Avenue,Portugal
411,Corbett Briar,cbriarbe@wsj.com,349-519-4832,674 Oak Valley Junction,Poland
412,Kristofer Hebden,khebdenbf@mysql.com,933-202-7840,7532 Delladonna Terrace,Thailand
413,Melanie Cancutt,mcancuttbg@technorati.com,343-501-4489,0239 East Road,France
414,Kial Muro,kmurobh@stumbleupon.com,172-658-0073,34 Jay Center,Brazil
415,Lyndel Rudolf,lrudolfbi@mtv.com,700-312-1383,831 Evergreen Street,Poland
416,Angel Bullier,abullierbj@cam.ac.uk,254-870-3132,4734 Corben Crossing,Brazil
417,Max Furlow,mfurlowbk@about.me,121-219-9527,40 Fisk Avenue,Portugal
418,Max Cheshire,mcheshirebl@rediff.com,205-798-2809,327 Schiller Terrace,Brazil
419,Bambie Jobey,bjobeybm@squidoo.com,547-699-4294,79 Scofield Plaza,Portugal
420,Rosy Elgey,relgeybn@youtube.com,545-263-9415,35523 Macpherson Parkway,Brazil
421,Pebrook Harget,phargetbo@usnews.com,458-269-1316,59060 Merry Road,Poland
422,Julina Ravelus,jravelusbp@engadget.com,342-831-8461,40 Annamark Court,Spain
423,Jeanelle Whear,jwhearbq@opera.com,488-619-9800,9314 Lerdahl Point,Brazil
424,Raf Crufts,rcruftsbr@exblog.jp,366-636-5485,28 Prairieview Junction,Malaysia
425,Gerry Doucette,gdoucettebs@whitehouse.gov,213-885-4876,279 Sugar Park,Poland
426,Eleanora Alabaster,ealabasterbt@dyndns.org,733-521-9836,1196 John Wall Alley,Japan
427,Bambi Rawe,brawebu@shareasale.com,944-593-1204,10 Fallview Trail,Portugal
428,Jewelle Daughtery,jdaughterybv@mapy.cz,959-426-5675,8449 Algoma Way,North Korea
429,Doreen Wagner,dwagnerbw@china.com.cn,110-670-6875,7210 Monica Center,Brazil
430,Cynde Treffrey,ctreffreybx@lycos.com,338-980-2863,89718 Lien Hill,Portugal
431,Mavra Hunnable,mhunnableby@wiley.com,218-752-9711,6 Mayer Place,Malaysia
432,Myrta Le Grand,mlebz@sun.com,941-318-6752,8 West Pass,Afghanistan
433,Candra Tyrer,ctyrerc0@miibeian.gov.cn,686-641-3538,1319 Carpenter Way,Poland
434,Nanni Pabst,npabstc1@sfgate.com,357-371-9405,65225 Orin Pass,Portugal
435,Malina MacGaughey,mmacgaugheyc2@ifeng.com,747-546-8634,6 Nelson Way,France
436,Euell Hardson,ehardsonc3@about.me,401-116-1595,3 Washington Road,Argentina
437,Pavia Blucher,pblucherc4@free.fr,422-548-8580,62 Village Crossing,Denmark
438,Asher Hassekl,ahasseklc5@dion.ne.jp,409-891-0697,3229 Merchant Terrace,Poland
439,Marysa Tuohy,mtuohyc6@umich.edu,834-202-0477,6821 Kim Terrace,Brazil
440,Taite Dunlap,tdunlapc7@comcast.net,994-656-2102,820 Graceland Road,Japan
441,Hew Breckwell,hbreckwellc8@g.co,145-210-2860,58043 Maryland Alley,Thailand
442,Ayn Tolman,atolmanc9@businessinsider.com,215-250-0562,05606 Gale Pass,Portugal
443,Merwin Mulliss,mmullissca@e-recht24.de,752-684-6829,50348 Judy Center,Thailand
444,Stephana Bellfield,sbellfieldcb@bigcartel.com,869-450-5705,5 Twin Pines Road,Brazil
445,Germain Meese,gmeesecc@narod.ru,500-621-4788,56071 Continental Way,Portugal
446,Hale Buttner,hbuttnercd@walmart.com,839-247-2321,4558 Southridge Avenue,Brazil
447,Sylvia Lotherington,slotheringtonce@webeden.co.uk,323-901-0044,89 Maple Wood Place,Poland
448,Jayme Faragan,jfaragancf@state.tx.us,602-938-9691,29587 Del Sol Place,Poland
449,Dorine Gartenfeld,dgartenfeldcg@webs.com,399-640-9935,58230 Butternut Way,Portugal
450,Chick Giacobbo,cgiacobboch@studiopress.com,396-118-3379,33 Troy Road,Portugal
451,Siusan Doody,sdoodyci@imageshack.us,894-203-2952,413 Village Green Alley,Poland
452,Hope Runcie,hrunciecj@biglobe.ne.jp,197-242-5453,39795 Pierstorff Pass,Brazil
453,Dagmar Mawditt,dmawdittck@addtoany.com,737-458-7415,0 Erie Lane,Armenia
454,Cherry Behn,cbehncl@github.com,205-655-1469,4795 Warrior Parkway,France
455,Bryce Getten,bgettencm@wiley.com,598-454-9423,3526 Grim Place,Portugal
456,Ase MacClenan,amacclenancn@sina.com.cn,889-216-6866,648 Eliot Place,Japan
457,Lamar Clohisey,lclohiseyco@oaic.gov.au,621-721-2917,30 Anthes Road,Malaysia
458,Jordanna Boichat,jboichatcp@cornell.edu,318-595-1627,0 Eagan Road,Japan
459,Hyacinthie Parram,hparramcq@so-net.ne.jp,274-295-4269,396 Shoshone Pass,Brazil
460,Norbie Wardlow,nwardlowcr@mayoclinic.com,330-683-2481,70 Hintze Court,Argentina
461,Graehme Wastell,gwastellcs@usnews.com,987-665-3497,132 Crest Line Point,Thailand
462,Devondra Berthon,dberthonct@ucoz.ru,600-285-7298,77 8th Road,Portugal
463,Carlynn Blockley,cblockleycu@unblog.fr,969-172-6773,22 Melvin Center,France
464,Forest Dinan,fdinancv@prlog.org,760-720-1557,037 Schlimgen Point,France
465,Emogene Cluderay,ecluderaycw@nbcnews.com,187-588-3678,90 2nd Crossing,Brazil
466,Pansy Magauran,pmagaurancx@time.com,109-602-6990,88 Drewry Way,Poland
467,Zack Loveguard,zloveguardcy@bbc.co.uk,159-345-3347,9534 Morning Alley,Argentina
468,Letta Stratiff,lstratiffcz@theglobeandmail.com,796-660-3093,6 Barnett Center,Poland
469,Shirleen Ramey,srameyd0@dailymotion.com,603-172-9729,7547 Homewood Way,Vietnam
470,Roberto Du Fray,rdud1@tinypic.com,581-960-4533,41852 Shoshone Lane,Portugal
471,Torre Pinching,tpinchingd2@netvibes.com,331-475-3671,16 Jay Parkway,Poland
472,Devondra Kendell,dkendelld3@google.cn,478-136-5291,7185 Granby Crossing,France
473,Kari Talton,ktaltond4@dot.gov,258-852-5556,592 Kropf Lane,Poland
474,Karrie Seviour,kseviourd5@apple.com,262-107-3875,06804 Caliangt Junction,Thailand
475,Anthe Beevers,abeeversd6@utexas.edu,109-994-4012,56405 Anthes Street,Poland
476,Gerrie Quinnell,gquinnelld7@simplemachines.org,367-664-1003,4 Anderson Crossing,Brazil
477,Matteo McKellen,mmckellend8@so-net.ne.jp,841-573-3083,5757 Russell Point,Portugal
478,Federica Goady,fgoadyd9@biblegateway.com,948-556-5622,1635 Charing Cross Lane,Japan
479,Thoma Pleven,tplevenda@ameblo.jp,509-463-6016,0 Meadow Valley Terrace,Germany
480,Imogen Bazoche,ibazochedb@privacy.gov.au,812-553-5024,70 Buhler Hill,Brazil
481,Doe Molen,dmolendc@webeden.co.uk,515-790-5770,0 Kings Court,Japan
482,Neron Woliter,nwoliterdd@smugmug.com,544-183-7500,51 Mcbride Lane,Portugal
483,Oran Smallacombe,osmallacombede@histats.com,632-967-6042,90 Columbus Avenue,France
484,Felicio Featherstonhalgh,ffeatherstonhalghdf@nbcnews.com,467-404-0335,15667 Kingsford Hill,Poland
485,Patti Dooney,pdooneydg@vistaprint.com,115-177-9480,8 Novick Parkway,North Korea
486,Sergio Chasemoore,schasemooredh@usgs.gov,494-287-5886,15 Manley Street,France
487,Giulio Gladdish,ggladdishdi@bigcartel.com,485-992-9405,44186 Hanson Center,Malaysia
488,Germana Hannam,ghannamdj@scientificamerican.com,260-995-6560,5 Katie Place,Portugal
489,Barris Mabbutt,bmabbuttdk@blinklist.com,266-864-0064,6964 3rd Plaza,Armenia
490,Dorothee Hoyland,dhoylanddl@cargocollective.com,727-402-3718,081 Bluestem Pass,Poland
491,Bibby Tomanek,btomanekdm@prlog.org,344-606-9539,159 Loeprich Place,Malaysia
492,Alejandra Hotton,ahottondn@fema.gov,368-472-2868,09497 Nobel Lane,Vietnam
493,Ladonna Danher,ldanherdo@tuttocitta.it,778-758-4500,42131 Northwestern Crossing,Portugal
494,Kristal Obee,kobeedp@techcrunch.com,975-106-3703,11 Washington Park,Germany
495,Romona Routhorn,rrouthorndq@sogou.com,492-104-0728,30616 Raven Hill,Portugal
496,Lindi Whitty,lwhittydr@facebook.com,262-613-1129,273 Colorado Road,Portugal
497,Emmanuel Schleswig-Holstein,eschleswigholsteinds@webs.com,189-906-1745,61 Mitchell Way,Poland
498,Cherida MacGowing,cmacgowingdt@foxnews.com,993-500-0428,330 Pearson Pass,Brazil
499,Elyssa Losbie,elosbiedu@last.fm,802-783-2633,4 Kinsman Drive,France
500,Ceciley Hendrikse,chendriksedv@sitemeter.com,406-502-2618,1 Westridge Terrace,Portugal
501,Minetta Mathewes,mmathewesdw@walmart.com,565-277-1134,80310 Killdeer Drive,Portugal
502,Ciel Devlin,cdevlindx@kickstarter.com,893-664-8762,6 Buell Road,France
503,Mycah Tallet,mtalletdy@miitbeian.gov.cn,143-994-5884,75693 Elmside Pass,Poland
504,Reinwald Cello,rcellodz@webs.com,863-627-3299,4465 Anniversary Park,Portugal
505,Talbot Dyble,tdyblee0@zdnet.com,147-849-5763,29612 Westerfield Pass,France
506,Serena MacGiany,smacgianye1@hugedomains.com,799-265-9199,6362 La Follette Circle,Japan
507,Bobbette Shankle,bshanklee2@technorati.com,460-927-0447,8 Lakewood Alley,Brazil
508,Denice Phayre,dphayree3@nifty.com,147-501-3727,32993 Sauthoff Parkway,Portugal
509,Danna Alesio,dalesioe4@wix.com,535-702-2279,7 Armistice Plaza,Brazil
510,Bordie Ellerington,belleringtone5@weather.com,975-141-7482,25 Florence Street,Japan
511,Mickie Jenken,mjenkene6@dropbox.com,142-253-4439,413 Elka Park,Germany
512,Sara Lainge,slaingee7@disqus.com,445-441-1249,91 Vernon Point,Thailand
513,Mehetabel Veillard,mveillarde8@addtoany.com,822-549-2845,1687 Village Green Court,Japan
514,Alyson Gullam,agullame9@marriott.com,239-312-9009,76471 Northfield Place,Afghanistan
515,Chantalle Hadgkiss,chadgkissea@japanpost.jp,832-565-6877,17 Harper Pass,Portugal
516,Melissa Ladbrooke,mladbrookeeb@soup.io,632-510-1887,6655 Spenser Street,Brazil
517,Mora Slewcock,mslewcockec@apple.com,698-595-0132,8 Summit Way,Poland
518,Janis Bedle,jbedleed@sciencedirect.com,332-988-5204,6985 Independence Circle,Brazil
519,Mable Langfat,mlangfatee@kickstarter.com,973-299-3763,5 Katie Parkway,Vietnam
520,Fiona Isselee,fisseleeef@discuz.net,138-335-5499,1 Longview Avenue,Poland
521,Emanuele Riep,eriepeg@si.edu,589-754-7569,42 Sycamore Way,Brazil
522,Cale Drowsfield,cdrowsfieldeh@utexas.edu,304-482-6492,77 Mockingbird Park,Afghanistan
523,Darin Eunson,deunsonei@dmoz.org,500-397-2859,71197 Katie Street,France
524,Dwayne Prior,dpriorej@liveinternet.ru,315-536-2578,512 Hooker Lane,Aland Islands
525,Fey Palser,fpalserek@multiply.com,411-682-5024,76 Cambridge Way,Thailand
526,Bowie Jobe,bjobeel@mozilla.com,800-929-7078,86 Dexter Crossing,Japan
527,Binni Rhymer,brhymerem@cdbaby.com,538-977-5167,617 Prairie Rose Alley,France
528,Alan Di Giacomettino,adien@sfgate.com,932-990-1626,6 Lillian Lane,Argentina
529,Bellina Dallimare,bdallimareeo@marketwatch.com,795-383-4818,2 Doe Crossing Park,Poland
530,Rickard Orneles,rornelesep@nih.gov,543-303-9453,52 Merrick Place,Brazil
531,Dagmar Jeavon,djeavoneq@imgur.com,901-780-6691,73080 Mcbride Point,Thailand
532,Odelia Tanner,otannerer@mac.com,244-115-9661,994 Hoepker Center,Argentina
533,Calli Selly,csellyes@tmall.com,530-815-5013,18126 Gale Point,Portugal
534,Fenelia Selman,fselmanet@umn.edu,145-942-7060,9 Dorton Street,Portugal
535,Erasmus Keatch,ekeatcheu@yellowbook.com,833-540-4385,5 Cascade Court,Armenia
536,Irene Cranfield,icranfieldev@chicagotribune.com,666-724-9901,2673 Ramsey Court,Brazil
537,Scarface Danieli,sdanieliew@gnu.org,458-142-8069,68868 Red Cloud Lane,Brazil
538,Rusty Mitchenson,rmitchensonex@shutterfly.com,854-206-9674,65721 Hazelcrest Avenue,Brazil
539,Thomas Lidden,tliddeney@yolasite.com,449-217-5829,640 Tennyson Park,Malaysia
540,Desmond Merryweather,dmerryweatherez@disqus.com,641-393-0711,194 Valley Edge Lane,Brazil
541,Gan Suffe,gsuffef0@newsvine.com,487-212-9604,99824 Rigney Center,Brazil
542,Karel Murrigans,kmurrigansf1@comsenz.com,120-151-7466,16 Cambridge Center,France
543,Shandeigh Heinz,sheinzf2@mac.com,248-919-1270,64 Ilene Junction,Poland
544,Lanna Pauler,lpaulerf3@123-reg.co.uk,507-941-2822,4 Marquette Court,Portugal
545,Deane Esslement,desslementf4@miitbeian.gov.cn,450-895-6352,91 Ronald Regan Lane,Vietnam
546,Frankie Tollmache,ftollmachef5@zimbio.com,488-729-4297,9151 Mendota Terrace,Thailand
547,Bartolemo Cuniam,bcuniamf6@rediff.com,424-645-7101,0 Huxley Trail,Brazil
548,Lynn Poulton,lpoultonf7@php.net,878-631-2598,7383 Cherokee Circle,France
549,Tyne Jarmyn,tjarmynf8@cmu.edu,844-489-5506,7 Loeprich Pass,Japan
550,Catharina Dubock,cdubockf9@washingtonpost.com,541-781-7401,4 Hansons Junction,Poland
551,Lorant Leifer,lleiferfa@ow.ly,402-479-4939,494 Pennsylvania Parkway,Uruguay
552,Dall Lowndes,dlowndesfb@instagram.com,819-172-5797,00 Superior Drive,France
553,Luci Royce,lroycefc@psu.edu,716-781-3042,69195 Bartillon Pass,Argentina
554,Tami Whoston,twhostonfd@ftc.gov,883-693-7378,2501 Florence Way,Vietnam
555,Kary Ryson,krysonfe@economist.com,225-508-4042,8 John Wall Crossing,Portugal
556,Ibrahim Naptin,inaptinff@who.int,971-724-0134,956 Dexter Crossing,Bolivia
557,Roana Kingstne,rkingstnefg@istockphoto.com,399-211-7128,21 Acker Center,Portugal
558,Ardenia Coldbathe,acoldbathefh@studiopress.com,627-801-1562,842 Gerald Pass,Japan
559,Fleur Lowsely,flowselyfi@shop-pro.jp,153-403-4849,882 Summerview Crossing,Thailand
560,Kalli Sidary,ksidaryfj@illinois.edu,984-865-0808,5 Northfield Park,Portugal
561,Anita Kinze,akinzefk@msn.com,173-728-8935,40 Express Hill,France
562,Ruy Staden,rstadenfl@sbwire.com,457-977-1940,99 Petterle Junction,Poland
563,Sue Townsend,stownsendfm@tumblr.com,815-692-8755,7 Schiller Circle,Brazil
564,Rowen Diggin,rdigginfn@blogtalkradio.com,540-916-4782,50867 Hayes Pass,Brazil
565,Noell Oehme,noehmefo@hexun.com,984-549-7927,56 Sunfield Avenue,Thailand
566,Vittoria Scobbie,vscobbiefp@amazon.de,491-664-6743,16 Eastlawn Pass,France
567,Loutitia Ivanchikov,livanchikovfq@sakura.ne.jp,791-668-0793,317 Huxley Trail,Portugal
568,Erastus Braz,ebrazfr@icq.com,685-156-6124,79444 Hudson Pass,Vietnam
569,Timothea Saunton,tsauntonfs@wikia.com,298-162-3271,78406 Stone Corner Place,Brazil
570,Fraser Cowell,fcowellft@desdev.cn,128-335-3704,33276 Canary Parkway,Thailand
571,Susannah Betjes,sbetjesfu@microsoft.com,809-358-4837,894 Grasskamp Drive,Portugal
572,Harwell Palk,hpalkfv@comsenz.com,994-731-3288,26534 Carioca Road,Brazil
573,Almira De Gregario,adefw@nydailynews.com,994-702-5954,0 Sauthoff Hill,Brazil
574,Flynn Downing,fdowningfx@meetup.com,195-778-8100,7 Helena Place,Poland
575,Dona Scotter,dscotterfy@ustream.tv,964-325-2415,0639 Utah Way,Poland
576,Chrisse Rookes,crookesfz@github.io,439-827-7062,6 Karstens Trail,Brazil
577,Elora Aspell,easpellg0@amazon.co.uk,218-822-1806,69 Schmedeman Point,Argentina
578,Valencia Hoggins,vhogginsg1@google.co.jp,403-162-5505,96 Bultman Crossing,Portugal
579,Olivie Crass,ocrassg2@ucoz.com,809-367-2417,49879 Clarendon Avenue,Japan
580,Emmery Wink,ewinkg3@fotki.com,602-159-6969,414 Mayfield Alley,Portugal
581,Ruperta Britten,rbritteng4@vkontakte.ru,730-517-7411,97902 Ludington Court,Brazil
582,Mollie Chicchetto,mchicchettog5@eventbrite.com,485-519-2795,45 Fair Oaks Park,Poland
583,Marty de Merida,mdeg6@vkontakte.ru,282-640-7509,064 Golden Leaf Road,Portugal
584,Hanny Kindle,hkindleg7@wix.com,377-959-7152,6 Stuart Court,Thailand
585,Maud Moyne,mmoyneg8@biglobe.ne.jp,839-289-6425,6 Jackson Parkway,Poland
586,Annmarie Hadleigh,ahadleighg9@ftc.gov,649-525-2017,38135 Barnett Point,Thailand
587,Debor Djokovic,ddjokovicga@tmall.com,217-631-8098,44 Warrior Alley,Vietnam
588,Lorrayne Huke,lhukegb@un.org,580-709-4385,10146 Debra Center,Brazil
589,Ranna Luttger,rluttgergc@dyndns.org,335-535-2038,091 Del Mar Drive,Brazil
590,Cam Goade,cgoadegd@dot.gov,164-575-0021,85182 Derek Plaza,Portugal
591,Aristotle Rastall,arastallge@sciencedaily.com,102-814-7325,90 Bowman Place,Malaysia
592,Aldis O'Donnelly,aodonnellygf@mysql.com,968-900-5891,1510 Bashford Drive,Cameroon
593,Lulu Godier,lgodiergg@technorati.com,737-859-2872,14 Nevada Park,Portugal
594,Dorette Hazlehurst,dhazlehurstgh@privacy.gov.au,869-287-7222,3765 Birchwood Court,Japan
595,Dianne Garcia,dgarciagi@hp.com,527-291-4171,230 Sachtjen Road,Poland
596,Leese Galbreth,lgalbrethgj@sun.com,890-941-9293,1 Eagan Point,Japan
597,Corney Trayford,ctrayfordgk@usa.gov,219-350-9235,20355 Brentwood Avenue,Poland
598,Terza Robinett,trobinettgl@booking.com,509-867-9393,41 Garrison Lane,Thailand
599,Fredra Gollard,fgollardgm@mediafire.com,402-499-9559,4 Anzinger Street,Brazil
600,Trev Lavin,tlavingn@rambler.ru,925-627-0256,665 Marquette Trail,Poland
601,Malina Heasman,mheasmango@yellowbook.com,943-415-8856,4 Arapahoe Trail,Portugal
602,Maurine Lasham,mlashamgp@ted.com,425-806-2296,07801 Butterfield Place,Portugal
603,Rory Keiling,rkeilinggq@hugedomains.com,420-657-2505,2 6th Junction,Portugal
604,Dannie Penhallurick,dpenhallurickgr@bloglines.com,272-355-4301,61 Evergreen Avenue,Malaysia
605,Sherlock Mould,smouldgs@jiathis.com,177-724-6846,74 Miller Avenue,Portugal
606,Hyatt Papez,hpapezgt@godaddy.com,628-179-4918,2377 Riverside Hill,Portugal
607,Lilith Fallow,lfallowgu@wired.com,497-152-5829,3945 Drewry Way,Poland
608,Sheree Roly,srolygv@cpanel.net,786-464-1978,376 Nevada Circle,Argentina
609,Kevina de Wilde,kdegw@cbsnews.com,289-649-5538,072 Mallard Pass,Vietnam
610,Roslyn Corthes,rcorthesgx@simplemachines.org,815-260-5722,53545 Schiller Center,Brazil
611,Emmery Mumby,emumbygy@google.com.au,640-562-4540,98471 Browning Hill,Spain
612,Kris Szymon,kszymongz@intel.com,196-814-7469,8029 Lighthouse Bay Place,Brazil
613,Rheba Rowen,rrowenh0@ucoz.com,996-619-3109,8 Reindahl Street,Poland
614,Aeriel Fudge,afudgeh1@virginia.edu,684-872-6639,27719 Donald Center,France
615,Kingsley Furmston,kfurmstonh2@parallels.com,759-522-1719,9 Meadow Valley Circle,Spain
616,Isabella Webb-Bowen,iwebbbowenh3@reference.com,680-261-0141,12 Sutherland Place,Argentina
617,Allyn Skirling,askirlingh4@cocolog-nifty.com,961-244-4392,3770 Union Court,Poland
618,Theodor Laffan,tlaffanh5@odnoklassniki.ru,341-195-2093,7029 Northport Junction,Argentina
619,Bella Stanners,bstannersh6@chron.com,819-654-5855,8 Marcy Hill,Thailand
620,Stevena Shelly,sshellyh7@so-net.ne.jp,565-644-4044,62203 Sachs Lane,Armenia
621,Kial Burd,kburdh8@t.co,472-688-5109,43 Troy Junction,Argentina
622,Nolie Warcop,nwarcoph9@wufoo.com,552-166-2005,522 Crest Line Terrace,Portugal
623,Hardy D' Angelo,hdha@sciencedirect.com,611-365-7083,801 La Follette Junction,Spain
624,Sunny Enticknap,senticknaphb@uol.com.br,865-615-3584,59 Brickson Park Lane,Argentina
625,Kariotta Titcom,ktitcomhc@usda.gov,594-777-1872,9131 Kensington Park,Afghanistan
626,Banky Kelsow,bkelsowhd@senate.gov,590-518-1236,1931 Dawn Alley,Cameroon
627,Chrysler Wrankling,cwranklinghe@meetup.com,263-244-1308,825 Beilfuss Place,Poland
628,Alyse Paliser,apaliserhf@sciencedirect.com,350-888-9543,8 David Hill,France
629,Montague Bingell,mbingellhg@cdc.gov,197-414-4206,247 Hauk Junction,France
630,Clea Featherstonhaugh,cfeatherstonhaughhh@amazonaws.com,888-260-5099,9 Old Gate Street,France
631,Rianon Wimes,rwimeshi@umn.edu,685-911-9162,84 Corscot Street,Brazil
632,Ollie Kilrow,okilrowhj@ustream.tv,676-917-2067,41 Goodland Alley,France
633,Lira Gramer,lgramerhk@si.edu,587-837-3451,6 Banding Crossing,Armenia
634,Johnette Crosskill,jcrosskillhl@comsenz.com,463-276-5932,63878 Schlimgen Point,Spain
635,Kai Ziehm,kziehmhm@paginegialle.it,575-440-2161,65 Claremont Center,Argentina
636,Harley Bliben,hblibenhn@amazon.co.jp,294-347-9233,41 Muir Drive,France
637,Scarface Lyford,slyfordho@dot.gov,342-398-6514,185 Carpenter Place,Afghanistan
638,Derron Peabody,dpeabodyhp@google.com.br,876-641-9204,38 Center Park,Thailand
639,Carlyle Pach,cpachhq@nba.com,551-364-5635,2927 Bluestem Hill,Poland
640,Joyce Toop,jtoophr@pcworld.com,760-195-4330,16029 Bultman Road,France
641,Edik Hedin,ehedinhs@salon.com,927-636-5409,57302 Pearson Lane,Portugal
642,Luelle Sumpton,lsumptonht@example.com,110-202-5137,15 Dixon Junction,Poland
643,Hirsch Syer,hsyerhu@samsung.com,952-686-4341,8 Dixon Court,Portugal
644,Hildagarde Perse,hpersehv@livejournal.com,166-411-1537,34 Colorado Lane,Brazil
645,Iggie Choake,ichoakehw@amazon.de,121-862-5590,52 Reinke Alley,Thailand
646,Ralf Oneill,roneillhx@pinterest.com,840-711-7362,60 Lyons Drive,Poland
647,Veronique Braundt,vbraundthy@clickbank.net,422-967-2335,3974 Atwood Street,Brazil
648,Isidor Lynagh,ilynaghhz@newyorker.com,422-877-2234,3 Blackbird Street,Argentina
649,Ernst Tomasi,etomasii0@pbs.org,428-921-4337,06 Michigan Lane,Brazil
650,Torin Vondracek,tvondraceki1@barnesandnoble.com,257-247-9781,623 Heffernan Point,Brazil
651,Wilma Eaves,weavesi2@bing.com,485-981-0900,0 Golden Leaf Street,Portugal
652,Aldus Tombling,atomblingi3@yahoo.com,317-744-3714,1854 Susan Park,Japan
653,Melli Gerrelts,mgerreltsi4@howstuffworks.com,632-850-9235,1137 Oak Circle,Afghanistan
654,Paulie Carlin,pcarlini5@indiegogo.com,501-490-1360,659 Talmadge Hill,Germany
655,Mendie Escreet,mescreeti6@vinaora.com,301-858-6605,230 Harbort Alley,Argentina
656,Catlaina Loble,cloblei7@artisteer.com,145-603-8046,72406 Daystar Pass,Poland
657,Gladi Quiddington,gquiddingtoni8@businesswire.com,978-997-2404,55619 Raven Plaza,Poland
658,Taite Kieff,tkieffi9@indiatimes.com,905-698-2372,18 Hoffman Pass,Vietnam
659,Margalo Bartolijn,mbartolijnia@washingtonpost.com,497-970-4699,62702 Lakewood Road,Japan
660,Magdalen Austins,maustinsib@diigo.com,981-453-9894,58134 Spohn Alley,Brazil
661,Dag Hurndall,dhurndallic@paginegialle.it,679-710-7186,814 Magdeline Junction,Poland
662,Caldwell Heape,cheapeid@smh.com.au,838-814-5241,91259 Gulseth Crossing,Brazil
663,Jozef Pollak,jpollakie@home.pl,998-620-9240,534 Larry Center,Brazil
664,Fayth Ashford,fashfordif@cpanel.net,721-891-4771,3 Twin Pines Lane,Brazil
665,Florie Donne,fdonneig@google.nl,704-390-4967,0372 Sloan Hill,Poland
666,Dulcea Matignon,dmatignonih@hao123.com,578-555-5525,32671 Thierer Crossing,Vietnam
667,Vinnie Dallander,vdallanderii@patch.com,518-427-3423,63 Hanson Center,Poland
668,Konrad Dumingo,kdumingoij@guardian.co.uk,548-226-9524,6965 Sunfield Junction,Thailand
669,Raff Eate,reateik@flickr.com,330-586-5894,894 Transport Road,Brazil
670,Nelson Hargitt,nhargittil@bloglines.com,391-704-2759,71 Heath Road,Armenia
671,Duky Columbell,dcolumbellim@furl.net,574-257-3825,78 Crowley Circle,Portugal
672,Sherry Eastcourt,seastcourtin@ibm.com,773-398-5830,80 Daystar Lane,Thailand
673,Sybilla Passo,spassoio@surveymonkey.com,207-612-9468,4926 Almo Lane,France
674,Joellen Wiffill,jwiffillip@parallels.com,712-663-8788,43 Center Trail,Japan
675,Freddie Kegan,fkeganiq@skype.com,852-753-7656,96 Scott Road,Thailand
676,Pattin Sacks,psacksir@phpbb.com,220-714-4539,2 Chive Plaza,Japan
677,Abigael Clues,acluesis@ning.com,151-757-8649,644 Haas Crossing,Poland
678,Letta Kydde,lkyddeit@sourceforge.net,327-142-3131,99658 Scofield Road,Portugal
679,Raina Bedle,rbedleiu@independent.co.uk,858-460-8014,348 Mifflin Center,Portugal
680,Denny Iacovone,diacovoneiv@oaic.gov.au,802-764-2100,85953 Hoffman Avenue,France
681,Kimberlee Pfeuffer,kpfeufferiw@sphinn.com,428-592-2743,7974 Meadow Ridge Crossing,Japan
682,Stillman Findon,sfindonix@comsenz.com,389-142-7998,10121 Sloan Avenue,Poland
683,Marsiella Glossop,mglossopiy@google.co.jp,503-534-5296,23697 Valley Edge Trail,Japan
684,Sheffie Klaffs,sklaffsiz@tripod.com,945-863-3812,9 Wayridge Terrace,Japan
685,Jard Wallicker,jwallickerj0@prweb.com,898-104-4073,71254 Dahle Alley,Poland
686,Merrill Freake,mfreakej1@friendfeed.com,988-330-7663,5 Coleman Pass,Poland
687,Gwyn Mainds,gmaindsj2@microsoft.com,854-328-3726,0431 Dovetail Drive,Brazil
688,Boycie Rown,brownj3@springer.com,220-916-3556,372 Johnson Plaza,Thailand
689,Aeriel Randlesome,arandlesomej4@ehow.com,111-112-4085,387 Reinke Trail,Poland
690,Clevie Brideaux,cbrideauxj5@vkontakte.ru,845-105-6920,7964 Logan Plaza,Japan
691,Nettie Hamby,nhambyj6@examiner.com,777-247-4978,770 Nobel Road,Portugal
692,Gardie Wasmuth,gwasmuthj7@dyndns.org,569-495-0872,90 Red Cloud Drive,Malaysia
693,Allyn Obell,aobellj8@biglobe.ne.jp,652-811-6350,853 Ludington Center,Japan
694,Clementius Mulbery,cmulberyj9@thetimes.co.uk,633-310-5200,880 Sugar Place,France
695,Benjamin Farnham,bfarnhamja@dailymail.co.uk,312-353-1789,41 Elka Pass,Japan
696,Diana Radclyffe,dradclyffejb@ask.com,790-963-7083,9991 Becker Crossing,Portugal
697,Camala Maliphant,cmaliphantjc@ow.ly,850-312-0475,29 Ridgeway Way,France
698,Ramona Shortland,rshortlandjd@sciencedirect.com,346-871-0545,51859 Arizona Point,Poland
699,Genovera Drillingcourt,gdrillingcourtje@timesonline.co.uk,135-832-9536,2028 Melvin Parkway,Brazil
700,Jermayne Baudesson,jbaudessonjf@abc.net.au,711-557-5392,2 Sauthoff Avenue,Malaysia
701,Hilde Brunesco,hbrunescojg@usa.gov,511-336-6444,1 Kings Way,France
702,Yolanda Andrzejowski,yandrzejowskijh@zdnet.com,336-855-7560,190 Barnett Way,Portugal
703,Letizia Jedrzejczyk,ljedrzejczykji@patch.com,265-377-3808,1774 Sherman Road,France
704,Kerwin Veryard,kveryardjj@sciencedaily.com,258-275-8271,4157 Elmside Trail,Australia
705,Kerrill Ornelas,kornelasjk@lycos.com,919-892-2267,3486 Atwood Avenue,France
706,Axe Millott,amillottjl@themeforest.net,370-356-7751,46 Lien Lane,Poland
707,Jillayne McGebenay,jmcgebenayjm@gravatar.com,539-359-7338,79 Packers Street,France
708,Tate Notti,tnottijn@mapquest.com,735-413-2243,217 Lunder Alley,Poland
709,Peggie Vaggers,pvaggersjo@qq.com,595-445-9147,333 Troy Crossing,Thailand
710,Geoffry Corser,gcorserjp@nydailynews.com,198-656-6164,6 Novick Center,Argentina
711,Othilie Froome,ofroomejq@examiner.com,597-150-8054,80822 Toban Junction,Japan
712,Agosto Druitt,adruittjr@disqus.com,183-722-6242,83709 Thierer Pass,Portugal
713,Yves Henrych,yhenrychjs@mediafire.com,383-358-8223,17 Macpherson Junction,Cameroon
714,Anna-diana Poxon,apoxonjt@smh.com.au,327-252-9958,582 Schurz Terrace,Brazil
715,Reina Pigford,rpigfordju@senate.gov,493-380-9186,8 Mifflin Point,Thailand
716,Loralee Dockwra,ldockwrajv@dailymail.co.uk,950-216-5052,0 Pennsylvania Circle,France
717,Nanny Hardeman,nhardemanjw@phoca.cz,701-152-2028,49 Hovde Crossing,Portugal
718,Haley Pattie,hpattiejx@reddit.com,741-449-4408,4 Sheridan Lane,Germany
719,Nady Saunders,nsaundersjy@ameblo.jp,343-979-4615,28148 Everett Lane,Afghanistan
720,Cherin Newlands,cnewlandsjz@samsung.com,797-610-7294,16410 Summit Road,France
721,Alan Conisbee,aconisbeek0@senate.gov,607-898-0803,7 Quincy Point,France
722,Maurie Wilds,mwildsk1@usgs.gov,481-802-1189,0 Carpenter Park,Afghanistan
723,Eadie Shelp,eshelpk2@cnet.com,730-837-5389,55695 Clemons Court,Brazil
724,Caldwell Keetch,ckeetchk3@usda.gov,330-899-6038,5846 Vahlen Junction,Japan
725,Enrichetta Elsie,eelsiek4@github.com,877-713-7742,9420 Thackeray Avenue,Portugal
726,Erinn Timson,etimsonk5@ebay.co.uk,283-375-3762,42 Twin Pines Pass,Cameroon
727,Elsbeth Barby,ebarbyk6@ucsd.edu,886-947-1902,21 Bellgrove Place,Poland
728,Jeannette Eldred,jeldredk7@seattletimes.com,817-749-5051,38 Dottie Drive,Japan
729,Wells MacKnockiter,wmacknockiterk8@comcast.net,196-193-5804,2775 Lakewood Street,Thailand
730,Dory Mattack,dmattackk9@gizmodo.com,882-436-2466,572 Rieder Center,Thailand
731,Elna Dorset,edorsetka@vistaprint.com,601-408-6898,9 Carpenter Point,Argentina
732,Jeanelle Draisey,jdraiseykb@yolasite.com,597-371-1379,0 Dennis Avenue,Portugal
733,Abbe Heinert,aheinertkc@yale.edu,982-484-0416,19 Fallview Parkway,Argentina
734,Gibbie Hugo,ghugokd@bravesites.com,339-942-5525,96 Meadow Vale Point,France
735,Hermann Pendred,hpendredke@vk.com,742-692-4523,0 Waywood Drive,North Korea
736,Kassie Micheu,kmicheukf@examiner.com,307-686-0984,7 Miller Alley,Brazil
737,Veronika Hackworth,vhackworthkg@networksolutions.com,948-736-8059,35 Main Park,Brazil
738,Jarib Martinets,jmartinetskh@home.pl,602-556-8446,03265 Pond Center,Portugal
739,Boy Le - Count,bleki@earthlink.net,488-664-3872,40 Springview Center,Afghanistan
740,Biron Sleford,bslefordkj@blogger.com,190-486-7267,77179 Karstens Park,Japan
741,Noni Beckles,nbeckleskk@cpanel.net,695-134-4224,95642 Daystar Lane,Poland
742,Sibelle Kemery,skemerykl@gmpg.org,356-814-4470,112 Cardinal Parkway,Brazil
743,Hobey Doncom,hdoncomkm@webeden.co.uk,322-311-4453,4 Bultman Plaza,Spain
744,Alysia Rutherfoord,arutherfoordkn@rediff.com,566-668-2888,4754 Grayhawk Plaza,Cameroon
745,Steffane Matisoff,smatisoffko@twitter.com,478-568-8765,74605 Rockefeller Center,Thailand
746,Egbert Kingsbury,ekingsburykp@exblog.jp,812-232-9770,71304 Johnson Park,Brazil
747,Alfonso Mainds,amaindskq@engadget.com,669-640-0020,375 Pawling Street,Argentina
748,Sully Jancy,sjancykr@ft.com,897-250-9645,5 Elka Hill,Portugal
749,Reagan Whitlam,rwhitlamks@miibeian.gov.cn,144-189-1415,68111 Waubesa Park,Brazil
750,Enriqueta Elms,eelmskt@senate.gov,521-753-7746,16798 Buell Terrace,Portugal
751,Artemas Blaase,ablaaseku@cargocollective.com,889-226-6811,59665 Summer Ridge Parkway,France
752,Dane Bettanay,dbettanaykv@tiny.cc,618-292-3959,5070 Barby Junction,Japan
753,Catharine Goodred,cgoodredkw@bizjournals.com,825-374-1781,8967 Elgar Lane,Japan
754,Imelda Tschierasche,itschieraschekx@walmart.com,845-639-1290,9680 Pond Center,France
755,Daniela Wahner,dwahnerky@vinaora.com,701-856-7579,07 Grasskamp Crossing,Poland
756,Jojo Bly,jblykz@goodreads.com,321-211-8533,3 New Castle Trail,Poland
757,Wash Myderscough,wmyderscoughl0@spotify.com,546-740-1402,8 Surrey Drive,Brazil
758,Doretta Gartery,dgarteryl1@virginia.edu,728-122-0289,43 Fordem Hill,Germany
759,Lalo Ferencowicz,lferencowiczl2@tmall.com,692-859-5996,529 Pearson Trail,Brazil
760,Audre McCombe,amccombel3@paginegialle.it,515-670-0907,2088 Lakewood Gardens Point,France
761,Gabriello Milnthorpe,gmilnthorpel4@bravesites.com,533-555-5640,34 Becker Alley,France
762,Cord Grisbrook,cgrisbrookl5@archive.org,486-981-9923,103 Crowley Center,Thailand
763,Roselle McGuane,rmcguanel6@symantec.com,540-860-6678,6 Golf Course Parkway,Portugal
764,Myrtia Buy,mbuyl7@hostgator.com,954-484-7687,54 Esker Junction,Vietnam
765,Barr Wise,bwisel8@cnbc.com,737-882-8685,09243 Vermont Crossing,Poland
766,Darrel Cheltnam,dcheltnaml9@fda.gov,789-112-6111,5 Pearson Circle,North Korea
767,Matthus Housecroft,mhousecroftla@ucoz.com,263-969-3338,14 8th Junction,Brazil
768,Morgen Willows,mwillowslb@quantcast.com,131-494-5232,1 Arrowood Junction,Poland
769,Hamnet Joffe,hjoffelc@posterous.com,569-323-2971,18573 Warner Junction,Portugal
770,Miguel Ranyell,mranyellld@house.gov,450-604-9200,17 Service Street,France
771,Damara Dominichetti,ddominichettile@blogtalkradio.com,455-206-6001,808 Birchwood Court,Japan
772,Sharity Vedmore,svedmorelf@printfriendly.com,575-141-2794,173 Truax Park,Brazil
773,Gus Raubenheim,graubenheimlg@reddit.com,904-118-2975,737 Oakridge Lane,Japan
774,Herold Minchella,hminchellalh@youtu.be,494-822-9598,46 Sherman Alley,Brazil
775,Bethina Comi,bcomili@wunderground.com,565-861-5596,33675 Erie Street,France
776,Annnora Warlaw,awarlawlj@flavors.me,931-780-8400,59522 Michigan Lane,Portugal
777,Melisa Paulsen,mpaulsenlk@theguardian.com,183-156-5474,6 Shasta Circle,Poland
778,Cindra Tettley,ctettleyll@ebay.co.uk,460-184-3061,261 Eastlawn Pass,Poland
779,Jacquelin Ruseworth,jruseworthlm@timesonline.co.uk,779-795-8380,9505 Summer Ridge Street,France
780,Lucias Mathou,lmathouln@wordpress.com,782-437-4789,5663 Rieder Way,Thailand
781,Bevvy MacArthur,bmacarthurlo@tinyurl.com,721-540-1664,0432 Mifflin Street,Afghanistan
782,Britni Schaben,bschabenlp@boston.com,374-940-9756,16176 1st Drive,Vietnam
783,Leanora Assandri,lassandrilq@ezinearticles.com,480-114-8946,056 Village Green Crossing,Brazil
784,Olympie Phillips,ophillipslr@nsw.gov.au,310-155-0871,56016 Shopko Parkway,Brazil
785,Padget Glynne,pglynnels@php.net,827-613-9128,3022 New Castle Road,Vietnam
786,Fanechka Creasy,fcreasylt@cnn.com,446-264-1435,198 Mayer Drive,Portugal
787,Morry Parris,mparrislu@sina.com.cn,787-438-7591,1 Bowman Lane,Brazil
788,Merla Strafen,mstrafenlv@irs.gov,851-613-8709,07 Monument Pass,France
789,Dari Dowtry,ddowtrylw@reddit.com,879-705-1640,6 Manitowish Circle,France
790,Violante Bichener,vbichenerlx@deviantart.com,195-677-6115,59782 Arapahoe Drive,France
791,Davon Beldan,dbeldanly@xing.com,768-917-6568,236 Montana Road,France
792,Shara Davidof,sdavidoflz@gmpg.org,309-684-9171,35018 Daystar Crossing,Brazil
793,Clive Robertis,crobertism0@biblegateway.com,644-664-8572,1572 Cascade Parkway,Argentina
794,Steven McCrann,smccrannm1@soup.io,211-365-0298,7927 Rockefeller Plaza,Argentina
795,Armand Davidzon,adavidzonm2@patch.com,105-618-6323,7 Atwood Pass,Vietnam
796,Bertram Pavinese,bpavinesem3@jimdo.com,755-165-8809,62 Londonderry Parkway,Vietnam
797,Trumann Blackborn,tblackbornm4@statcounter.com,695-114-0056,95273 Stuart Crossing,Poland
798,Lauretta Silwood,lsilwoodm5@apple.com,427-629-5229,580 Novick Center,Thailand
799,Yolande Duxbarry,yduxbarrym6@cornell.edu,682-155-1147,613 Lake View Junction,Portugal
800,Cordie Deignan,cdeignanm7@sourceforge.net,902-230-6091,9 Sommers Crossing,Poland
801,Chan Morrel,cmorrelm8@pagesperso-orange.fr,868-482-6663,9 1st Alley,Vietnam
802,Ginni Haverson,ghaversonm9@ftc.gov,950-614-6528,404 Arrowood Court,Brazil
803,Saree Mauditt,smaudittma@delicious.com,471-389-7213,53818 Blue Bill Park Court,Argentina
804,Rosetta Hollindale,rhollindalemb@webnode.com,819-143-1044,763 Fordem Drive,Brazil
805,Rhetta Nicklinson,rnicklinsonmc@nyu.edu,388-141-3949,587 Warner Plaza,Portugal
806,Wanda Bedbrough,wbedbroughmd@marriott.com,830-494-5937,08 Summer Ridge Alley,Brazil
807,Klarrisa Sneath,ksneathme@taobao.com,501-962-1960,185 Nova Plaza,France
808,Papagena Andre,pandremf@w3.org,811-442-8729,9 Hayes Point,France
809,Minnie Colyer,mcolyermg@cnbc.com,955-877-8974,2074 Pierstorff Hill,Thailand
810,Michale Hitcham,mhitchammh@tuttocitta.it,439-863-9196,65 Hermina Hill,Poland
811,Vaughn Drable,vdrablemi@blogspot.com,519-196-0585,273 Hauk Avenue,Brazil
812,Lillian Fripps,lfrippsmj@example.com,399-607-5694,4190 Warrior Avenue,Thailand
813,Reeva Raeside,rraesidemk@netlog.com,316-910-7613,77209 Arrowood Point,Poland
814,Janaya Hullah,jhullahml@gov.uk,912-967-2593,92 Bowman Terrace,France
815,Greta Ackermann,gackermannmm@de.vu,161-306-6380,2 Onsgard Terrace,France
816,Konstanze Poon,kpoonmn@si.edu,427-926-5845,73 Mifflin Court,Malaysia
817,Nollie Hubner,nhubnermo@businessweek.com,166-117-7920,9 Clarendon Lane,Argentina
818,Marena Borland,mborlandmp@multiply.com,938-500-3416,14504 Debra Drive,France
819,Robbi Celli,rcellimq@drupal.org,548-286-4832,725 Luster Avenue,Brazil
820,Leora Newborn,lnewbornmr@youtube.com,109-172-4217,19 Dennis Way,Japan
821,Aindrea Sapseed,asapseedms@usnews.com,190-987-7682,07987 Susan Center,Thailand
822,Tomi Aldus,taldusmt@fotki.com,518-582-3221,3244 Corscot Circle,Malaysia
823,Sile Mouland,smoulandmu@japanpost.jp,337-702-7904,541 Sycamore Terrace,Brazil
824,Dorie Christou,dchristoumv@exblog.jp,882-458-7781,87 Eggendart Lane,Argentina
825,Ericka Sandcraft,esandcraftmw@fema.gov,881-406-1980,153 Porter Plaza,Argentina
826,Genia Gilbank,ggilbankmx@exblog.jp,561-963-6177,72038 Green Street,France
827,Natalina Boultwood,nboultwoodmy@amazonaws.com,343-269-8878,711 Bobwhite Drive,Portugal
828,Gus MacCrann,gmaccrannmz@blog.com,115-263-2913,324 Mendota Street,Spain
829,Riva Murrish,rmurrishn0@cloudflare.com,930-167-1324,7243 Fieldstone Road,Angola
830,Bellina Gynne,bgynnen1@github.com,964-507-9198,9516 Lighthouse Bay Pass,Argentina
831,Lorens Phibb,lphibbn2@abc.net.au,365-975-1469,989 Kinsman Lane,Portugal
832,Cassandre Shivlin,cshivlinn3@cam.ac.uk,214-990-4116,442 Valley Edge Crossing,Brazil
833,Maximilien Mace,mmacen4@omniture.com,388-743-5260,255 East Court,North Korea
834,Mason Durand,mdurandn5@army.mil,408-330-1377,907 Merchant Plaza,Portugal
835,Zacharia Filisov,zfilisovn6@joomla.org,887-988-8086,538 Caliangt Pass,Portugal
836,Alexina Pietron,apietronn7@walmart.com,614-238-2068,96 Hagan Alley,Armenia
837,Emmit Normandale,enormandalen8@ow.ly,506-888-4062,313 Packers Center,Brazil
838,Colas Ziemens,cziemensn9@redcross.org,196-445-7390,6 Fremont Terrace,Japan
839,Dyanna Carlos,dcarlosna@indiatimes.com,373-633-7611,7834 American Ash Hill,Brazil
840,Drud Hebblewaite,dhebblewaitenb@cyberchimps.com,986-451-7723,55920 Gerald Center,Thailand
841,Jeramie Bloom,jbloomnc@indiatimes.com,107-710-0107,6 Park Meadow Center,France
842,Ber Ivanyukov,bivanyukovnd@wikimedia.org,873-907-9747,274 Tennessee Park,Brazil
843,Dianne Gencke,dgenckene@dailymail.co.uk,971-256-2623,48 Harbort Trail,Brazil
844,Artemis Capinetti,acapinettinf@npr.org,928-697-4463,0 Vermont Terrace,Afghanistan
845,Quinlan Villiers,qvilliersng@over-blog.com,793-375-2985,9330 Bunker Hill Plaza,Poland
846,Staffard Forryan,sforryannh@twitpic.com,497-779-1227,3135 Manley Hill,Japan
847,Marjorie Drakes,mdrakesni@edublogs.org,375-882-4935,03 Daystar Trail,Spain
848,Ezmeralda Stickland,esticklandnj@dailymail.co.uk,523-719-0791,4 Kings Court,Malaysia
849,Worthy Gayforth,wgayforthnk@studiopress.com,166-649-2993,4671 Oneill Crossing,Japan
850,Arlen Dugall,adugallnl@eepurl.com,194-401-1191,6 Morningstar Plaza,Japan
851,Corissa Botterman,cbottermannm@sfgate.com,464-190-2472,58 Derek Park,Japan
852,Kristoforo Shipsey,kshipseynn@va.gov,498-226-8182,4 Mitchell Point,Brazil
853,Jacquenetta Sheahan,jsheahanno@shinystat.com,704-179-6528,44 Hintze Pass,Brazil
854,Brynna Piborn,bpibornnp@rambler.ru,253-822-2107,719 1st Trail,Portugal
855,Wallie Carwardine,wcarwardinenq@over-blog.com,327-567-9349,150 Grasskamp Court,Armenia
856,Zahara Ordemann,zordemannnr@spotify.com,643-492-8065,8353 Meadow Vale Pass,Argentina
857,Fleming Coulling,fcoullingns@nsw.gov.au,716-776-8233,5716 Kipling Junction,Vietnam
858,Ronnica Gaines,rgainesnt@shinystat.com,753-778-7728,56 Village Green Circle,Thailand
859,Deloris Medmore,dmedmorenu@spiegel.de,902-337-8363,9325 Rutledge Terrace,Brazil
860,Matthew Howerd,mhowerdnv@telegraph.co.uk,891-958-0352,3895 Village Green Point,Brazil
861,Englebert Riep,eriepnw@prnewswire.com,403-154-1953,54 Forest Run Trail,Vietnam
862,Baillie Melland,bmellandnx@apple.com,787-574-7267,45192 Russell Junction,Poland
863,Valenka Elcoat,velcoatny@rakuten.co.jp,365-123-9643,60219 Myrtle Park,Portugal
864,Loleta Duckhouse,lduckhousenz@unesco.org,967-331-4776,461 Sunfield Crossing,Brazil
865,Toby Whitsun,twhitsuno0@tinyurl.com,317-169-7258,923 Bellgrove Way,Japan
866,Charlean Bartul,cbartulo1@sogou.com,263-830-9173,404 Nobel Plaza,Armenia
867,Sal Barstowk,sbarstowko2@sogou.com,984-676-1527,08707 Heffernan Drive,Thailand
868,Lazarus Raimbauld,lraimbauldo3@plala.or.jp,936-295-5470,767 Tennyson Street,Portugal
869,Tessie Ballay,tballayo4@sitemeter.com,534-581-1665,28251 Lotheville Road,Poland
870,Farrell Di Antonio,fdio5@blogspot.com,294-252-7540,59 Blue Bill Park Trail,Brazil
871,Joete Muskett,jmusketto6@google.com,220-553-9159,8870 Reinke Lane,France
872,Bernardina Blainey,bblaineyo7@baidu.com,450-963-4937,27 Jenifer Way,Portugal
873,Luelle Champken,lchampkeno8@alexa.com,237-427-8626,7252 Blaine Center,Thailand
874,Tiffy Spurdle,tspurdleo9@oakley.com,699-638-4891,8 Thompson Terrace,France
875,Aldus Klimpke,aklimpkeoa@163.com,403-278-9361,7 Cherokee Court,Poland
876,Blythe Alway,balwayob@dell.com,591-970-7446,99855 Troy Circle,Argentina
877,Antonin Honnan,ahonnanoc@ebay.com,464-198-3799,5933 Pepper Wood Parkway,Thailand
878,Connor Svanini,csvaniniod@e-recht24.de,437-792-2279,7324 Fairfield Court,Portugal
879,Minnie Hessle,mhessleoe@fda.gov,446-676-2351,33 Larry Parkway,Poland
880,Eirena Huxter,ehuxterof@utexas.edu,123-457-1908,48 Stoughton Alley,Spain
881,Wash Giddens,wgiddensog@g.co,375-803-7065,96378 Union Trail,Brazil
882,Dukey Castellini,dcastellinioh@360.cn,112-108-9367,73392 Park Meadow Lane,Poland
883,Caroline McKomb,cmckomboi@last.fm,173-100-2633,5905 Holy Cross Place,Poland
884,Glen McTerlagh,gmcterlaghoj@hud.gov,842-916-6387,17 Burning Wood Trail,France
885,Allis Mirams,amiramsok@weebly.com,545-676-9934,33 Dahle Terrace,Argentina
886,Dale Rivel,drivelol@squidoo.com,425-828-3338,65350 Twin Pines Point,France
887,Christen Towers,ctowersom@narod.ru,930-421-4283,53888 Continental Drive,Portugal
888,Cherrita Barbrick,cbarbrickon@slate.com,209-543-4580,59264 Union Parkway,Portugal
889,Elvina Whaymand,ewhaymandoo@arizona.edu,171-734-8904,4442 Kensington Center,Poland
890,Debi Hattrick,dhattrickop@seattletimes.com,408-184-2606,76 Pankratz Place,France
891,Elston O'Connor,eoconnoroq@rakuten.co.jp,367-614-0526,4 Darwin Terrace,Portugal
892,Roslyn Batrick,rbatrickor@t.co,683-235-6694,26 Orin Lane,Poland
893,Tildi Kindleysides,tkindleysidesos@sogou.com,781-566-5313,3 Mayer Way,France
894,Igor Ravenhill,iravenhillot@indiatimes.com,405-589-5028,7 Meadow Vale Alley,Hong Kong
895,Storm Pascow,spascowou@dagondesign.com,150-593-0669,65530 Moland Avenue,Portugal
896,Isador Blacklock,iblacklockov@oaic.gov.au,240-817-2273,67 Golf Course Plaza,Poland
897,Felisha Pietrowicz,fpietrowiczow@t.co,367-820-9810,65586 Bunting Hill,Portugal
898,Sigismond Nazaret,snazaretox@shinystat.com,854-368-5015,5755 Mesta Trail,Denmark
899,Enrique Kelson,ekelsonoy@mayoclinic.com,540-273-8516,2 Stang Avenue,Japan
900,Torrin Elger,telgeroz@dmoz.org,715-753-9668,17121 Moulton Park,Poland
901,Maxy Bleas,mbleasp0@java.com,440-912-7635,410 Schiller Lane,France
902,Audi Rattery,aratteryp1@ucsd.edu,908-412-6859,5281 Bashford Drive,Poland
903,Ashbey Farrance,afarrancep2@deviantart.com,831-309-2519,0399 Troy Road,France
904,Stavro Segges,sseggesp3@jigsy.com,838-678-5134,6890 8th Road,Thailand
905,Pen Miroy,pmiroyp4@archive.org,843-914-6901,9263 Maywood Alley,Portugal
906,Gordy Maypowder,gmaypowderp5@eepurl.com,537-795-9801,3792 Westridge Junction,Japan
907,Kerby Wiley,kwileyp6@netvibes.com,648-573-0982,3 Schlimgen Hill,Japan
908,Noelle Offord,noffordp7@ehow.com,743-976-1971,6046 Ronald Regan Terrace,Poland
909,Malissia Habron,mhabronp8@skyrock.com,286-440-7604,5846 Paget Terrace,Argentina
910,Stavros Stolte,sstoltep9@nps.gov,501-755-9332,6321 Dryden Way,France
911,Nelle Whiteford,nwhitefordpa@mtv.com,541-667-6690,90 Gulseth Trail,Brazil
912,Rufus Kettell,rkettellpb@amazon.co.uk,669-441-7691,09408 Michigan Plaza,Vietnam
913,Darb Cansfield,dcansfieldpc@bloomberg.com,121-371-4450,285 American Plaza,Brazil
914,Gustavus Taylor,gtaylorpd@gov.uk,585-488-6865,458 Chive Court,Japan
915,Jamaal Crosston,jcrosstonpe@nhs.uk,284-982-9143,94 Blue Bill Park Center,Poland
916,Berti Stace,bstacepf@disqus.com,294-751-8132,33 Independence Court,France
917,Walker Sollon,wsollonpg@census.gov,723-699-3840,1453 Onsgard Center,Poland
918,Eadith Sole,esoleph@merriam-webster.com,446-495-4591,665 Bultman Terrace,Germany
919,Renard Ogle,roglepi@issuu.com,389-733-8035,7 Bobwhite Place,France
920,Niki Nendick,nnendickpj@fastcompany.com,226-656-6803,6 Menomonie Way,Germany
921,Ellary Ottery,eotterypk@php.net,934-409-2347,4 Division Plaza,Portugal
922,Joelynn Richel,jrichelpl@paginegialle.it,296-601-5300,7 Anniversary Plaza,Portugal
923,Daisy Rissom,drissompm@samsung.com,330-405-8062,103 Fieldstone Alley,Vietnam
924,Tony Trinkwon,ttrinkwonpn@netscape.com,678-636-7813,8532 Eastlawn Parkway,Afghanistan
925,Kalvin Allonby,kallonbypo@amazonaws.com,234-346-6241,5 Jenifer Point,Portugal
926,Arleen Westmoreland,awestmorelandpp@infoseek.co.jp,719-932-0151,694 Logan Road,Brazil
927,Madelaine Banbrick,mbanbrickpq@loc.gov,776-777-8646,1775 Leroy Junction,Argentina
928,Nappy Albrook,nalbrookpr@ebay.com,232-510-2462,737 Manufacturers Crossing,Poland
929,Ingemar Cottrill,icottrillps@over-blog.com,111-209-7451,05 Bluejay Road,Afghanistan
930,Tyson Coverdill,tcoverdillpt@flavors.me,399-800-4536,03233 Marquette Crossing,Japan
931,Arny Matterface,amatterfacepu@mapquest.com,574-951-3799,700 Claremont Place,Japan
932,Eirena Wedgwood,ewedgwoodpv@unc.edu,925-384-8624,3260 Bellgrove Street,Portugal
933,Lizzie Dekeyser,ldekeyserpw@surveymonkey.com,268-142-8616,3707 Hanover Lane,Bolivia
934,Mason Pedroli,mpedrolipx@1688.com,552-975-2520,084 South Circle,Poland
935,Ellerey Kedie,ekediepy@rambler.ru,887-506-9978,9 Everett Place,France
936,Jolynn Iwaszkiewicz,jiwaszkiewiczpz@unc.edu,991-798-1594,87 Grasskamp Road,Portugal
937,Adora Rawlison,arawlisonq0@usatoday.com,422-866-0106,4 Jana Center,Brazil
938,Aurore Silverstone,asilverstoneq1@ask.com,911-876-4623,00 Ridge Oak Lane,Japan
939,Loutitia Briston,lbristonq2@goodreads.com,175-719-0943,0667 New Castle Terrace,France
940,Kristien Tregoning,ktregoningq3@is.gd,867-234-8503,77133 Roxbury Junction,France
941,Odo Letten,olettenq4@tmall.com,364-522-0663,5733 Old Shore Trail,France
942,Cesya Larrington,clarringtonq5@nsw.gov.au,893-257-0731,15 New Castle Circle,France
943,Cecile Brayn,cbraynq6@prnewswire.com,684-502-6019,10 Meadow Valley Road,France
944,Cami Ragsdale,cragsdaleq7@ucsd.edu,813-126-4536,77 Fulton Place,Portugal
945,Emmanuel Rawne,erawneq8@deviantart.com,562-529-1772,66442 Stephen Place,France
946,Jermaine Frankes,jfrankesq9@chronoengine.com,391-729-9248,732 Tony Court,North Korea
947,Shari Lengthorn,slengthornqa@tumblr.com,214-150-7663,877 Bartelt Point,Poland
948,Christopher Philimore,cphilimoreqb@miitbeian.gov.cn,503-468-2009,613 Anniversary Terrace,France
949,Murdoch Serck,mserckqc@loc.gov,712-598-3810,2 Hauk Point,Argentina
950,Gunar Stihl,gstihlqd@youtu.be,341-651-4966,079 Golf Road,Brazil
951,Jule Cummings,jcummingsqe@stumbleupon.com,916-901-1045,8696 Mccormick Center,Thailand
952,Merv Southgate,msouthgateqf@webmd.com,432-197-3098,4296 Morning Circle,Armenia
953,Margalo Dibling,mdiblingqg@upenn.edu,717-476-9320,0136 Texas Hill,France
954,Judye Geibel,jgeibelqh@imgur.com,326-508-2503,8 Sullivan Terrace,Japan
955,Madlen Wethered,mwetheredqi@4shared.com,206-695-6271,3 Eagan Road,Poland
956,Gilburt Alexandersen,galexandersenqj@vk.com,888-163-7059,86 Sunfield Way,France
957,Larissa Jago,ljagoqk@odnoklassniki.ru,952-651-7847,97 Hooker Way,Brazil
958,Veronique Tredinnick,vtredinnickql@wordpress.org,129-405-3399,8 Reindahl Parkway,Portugal
959,Gertrudis Brideaux,gbrideauxqm@weibo.com,395-526-0841,9230 Mccormick Parkway,Vietnam
960,Lemar Josephson,ljosephsonqn@tuttocitta.it,103-544-6264,059 Carey Road,Poland
961,Kristos Anstice,kansticeqo@washingtonpost.com,918-314-6402,86 Little Fleur Park,North Korea
962,Tobie Stendell,tstendellqp@i2i.jp,261-602-6909,68 Amoth Street,Brazil
963,Camille Boar,cboarqq@hp.com,606-417-6200,1114 Bay Circle,Brazil
964,Chaddy Waggett,cwaggettqr@mac.com,105-880-4505,38741 Artisan Center,Poland
965,Corbin Hachette,chachetteqs@goo.gl,502-363-7060,89 Shasta Circle,Brazil
966,Hadlee Lucien,hlucienqt@studiopress.com,698-981-6046,513 Doe Crossing Way,Portugal
967,Thedric Apfel,tapfelqu@tripod.com,463-795-8609,5906 Moose Trail,France
968,Brande Morl,bmorlqv@google.com.au,500-392-9312,7 Farwell Street,Poland
969,Brook Halms,bhalmsqw@purevolume.com,867-310-4310,1829 Bultman Alley,Brazil
970,Frank Phipard-Shears,fphipardshearsqx@jugem.jp,619-728-3938,38 Graedel Trail,Argentina
971,Land Dine-Hart,ldinehartqy@gmpg.org,130-152-3622,2668 Wayridge Point,France
972,Issy Jeanet,ijeanetqz@ucoz.com,805-137-4074,28 Redwing Crossing,Argentina
973,Saunderson de Voiels,sder0@businessinsider.com,892-864-4668,7009 Darwin Street,Malaysia
974,Rockwell Lulham,rlulhamr1@mit.edu,364-269-9818,3262 Dahle Pass,Poland
975,Alanson Lepard,alepardr2@sciencedirect.com,658-960-8715,075 Morning Hill,Thailand
976,Terrye Fortman,tfortmanr3@auda.org.au,172-679-6546,664 East Plaza,Brazil
977,Margo Thickin,mthickinr4@mapy.cz,793-826-9466,999 Burning Wood Road,Thailand
978,Johannah Jarrelt,jjarreltr5@usatoday.com,217-643-6870,623 Park Meadow Lane,Poland
979,Ulrick Comben,ucombenr6@phpbb.com,976-365-9521,12 Esch Lane,Brazil
980,Kenyon Dodle,kdodler7@github.com,341-666-6032,1984 Mockingbird Terrace,Portugal
981,Augustine Fairlam,afairlamr8@adobe.com,207-381-7975,53 Esker Hill,Portugal
982,Amandi Bardell,abardellr9@sakura.ne.jp,340-145-4443,55 Hoard Plaza,Poland
983,Janean Elby,jelbyra@hhs.gov,485-268-8346,92 Charing Cross Alley,Brazil
984,Anneliese Swindlehurst,aswindlehurstrb@alexa.com,536-708-5356,227 Florence Alley,Portugal
985,Dedra Jales,djalesrc@yale.edu,345-925-3326,55 Moose Trail,France
986,Merell Riglar,mriglarrd@hexun.com,831-372-4087,315 Haas Junction,Poland
987,Gram Keeley,gkeeleyre@usa.gov,348-648-1241,83 Eastwood Crossing,Brazil
988,Kenny Howchin,khowchinrf@cbsnews.com,568-335-3498,06 Old Gate Way,France
989,Keen Latan,klatanrg@csmonitor.com,637-313-0141,6484 Sauthoff Crossing,Spain
990,Joelle Annis,jannisrh@wired.com,528-952-9166,0697 Bultman Pass,Poland
991,Aurel Stanner,astannerri@com.com,166-917-3315,08 Anzinger Park,Brazil
992,Humberto Liff,hliffrj@smugmug.com,333-937-1253,99 Lakeland Circle,Argentina
993,Windy Cary,wcaryrk@wufoo.com,384-772-3538,69 Fulton Park,Brazil
994,April MacColl,amaccollrl@odnoklassniki.ru,248-557-2700,31 Division Terrace,Poland
995,Fidole Laxe,flaxerm@slate.com,768-504-5017,32750 Clemons Point,Germany
996,Heida Eagers,heagersrn@about.com,612-848-7260,76338 Tomscot Parkway,France
997,Graehme Lepoidevin,glepoidevinro@wordpress.org,756-782-2596,3 Schiller Lane,France
998,Reba Larchiere,rlarchiererp@apache.org,307-780-4822,44469 Shoshone Trail,Portugal
999,Leeanne Massingham,lmassinghamrq@weebly.com,752-235-8700,00001 Arrowood Way,Japan
1000,Matthias Grumell,mgrumellrr@blogger.com,698-862-7197,5493 Kingsford Terrace,Brazil
